Key,Value
"Version","1.00"
"RunStatus","CANCELLED_PARTIAL"
"StartedUTC","2026.10.07 02:06:00"
"CompletedUTC","2026.10.07 02:08:12"
"DataSnapshotUTC","2026.10.07 02:06:00"
"Symbol","EURUSD"
"StartDate","2026.01.01 00:00:00"
"EndDate","2026.10.05 00:00:00"
"UTCOffset","-3"
"ServerUTCOffsetMinutes","180"
"ServerOffsetSchedule",""
"ServerClockFold","Repeated server minutes at backward offset changes are unusable and counted as BadBars"
"AsiaStartHour","20"
"AsiaEndHourExclusive","4"
"LondonStartHour","4"
"LondonEndHourExclusive","8"
"NYStartHour","8"
"NYEndHourExclusive","14"
"Digits","5"
"Point","0.00001000"
"Pip","0.00010000"
"ContextWarmupCalendarDays","120"
"HistoryRetries","3"
"RetryDelayMilliseconds","200"
"MaxBars","100000"
"TerminalBuild","6230"
"RowsWritten","229"
"UseCommonFiles","false"
"OutputFolder","AsiaLondonCompression\"
"OutputPrefix","EURUSD_AsiaLondonCompression_"
"PriceSource","Broker M1 OHLC; no spread, commissions, swaps or slippage"
"TimePrecision","M1 bar opening time, not exact tick time; first tied extremum retained"
"Sessions","Start inclusive, end exclusive; anchored backwards from NY date; no overlaps"
"MissingBars","Any missing setup minute -> UNKNOWN; any missing NY minute -> no outcome statistics"
"MFE_MAE","First known side for generic metrics; both sides separately; MAE main fields are upper bounds; lower bounds exported"
"Intrabar","No invented OHLC order; BOTH_ORDER_AMBIGUOUS, AMBIGUOUS R and return flags"
"BreakPrice","Asian boundary, not a tick fill; gap at first bar open is flagged and R is NA_GAP"
"RModels","A=LondonRange; B=0.5*AsiaRange; C=boundary to opposite London extreme; independent targets and sides"
"RStatuses","HIT_BEFORE_SL,SL_FIRST,NOT_REACHED,AMBIGUOUS,NO_BREAK,INVALID_RISK,NA_GAP,UNAVAILABLE"
"Context","Observed weekday M1 UTC study-day OHLC; partial coverage flagged; missing weekdays interrupt ATR/ADR"
"ATR14","Wilder smoothing, seed mean of first 14 true ranges in warmup; only prior weekdays"
"ADR20","Mean range of previous 20 consecutive observed weekdays; excludes weekends; no current day"
"Percentiles","Type 7 linear interpolation at (N-1)*p; blanks are missing, never zero substitutes"
"GroupDenominators","Valid setups with complete NY; first-direction percentages include ambiguous/no-break in denominator; metric N exported"
"Fakeout","Return strictly inside Asia after first known breakout; lower/upper rates over known first-break cases"
"VolatilityBinsPips","[0,20),[20,40),[40,60),[60,80),[80,100),[100,+inf); descriptive, not optimized"
