"Group","Subgroup","Cases","HighFirstCount","LowFirstCount","HighFirstPct","LowFirstPct","BothSidesPct","NoBreakPct","AmbiguousFirstPct","KnownFirstBreakCases","ReturnedInsideCount","ReturnAmbiguousCount","FakeoutLowerPct","FakeoutUpperPct","HIGH_ONLY_Count","HIGH_ONLY_Pct","LOW_ONLY_Count","LOW_ONLY_Pct","HIGH_THEN_LOW_Count","HIGH_THEN_LOW_Pct","LOW_THEN_HIGH_Count","LOW_THEN_HIGH_Pct","NO_BREAK_Count","NO_BREAK_Pct","BOTH_ORDER_AMBIGUOUS_Count","BOTH_ORDER_AMBIGUOUS_Pct","AsiaRangePips_N","AsiaRangePips_Mean","AsiaRangePips_Median","AsiaRangePips_P25","AsiaRangePips_P50","AsiaRangePips_P75","AsiaRangePips_P90","AsiaRangePips_P95","LondonRangePips_N","LondonRangePips_Mean","LondonRangePips_Median","LondonRangePips_P25","LondonRangePips_P50","LondonRangePips_P75","LondonRangePips_P90","LondonRangePips_P95","CompressionRatio_N","CompressionRatio_Mean","CompressionRatio_Median","CompressionRatio_P25","CompressionRatio_P50","CompressionRatio_P75","CompressionRatio_P90","CompressionRatio_P95","MFE_Pips_N","MFE_Pips_Mean","MFE_Pips_Median","MFE_Pips_P25","MFE_Pips_P50","MFE_Pips_P75","MFE_Pips_P90","MFE_Pips_P95","MAE_UpperPips_N","MAE_UpperPips_Mean","MAE_UpperPips_Median","MAE_UpperPips_P25","MAE_UpperPips_P50","MAE_UpperPips_P75","MAE_UpperPips_P90","MAE_UpperPips_P95","FirstBreakMinutesFrom0800_N","FirstBreakMinutesFrom0800_Mean","FirstBreakMinutesFrom0800_Median","FirstBreakMinutesFrom0800_P25","FirstBreakMinutesFrom0800_P50","FirstBreakMinutesFrom0800_P75","FirstBreakMinutesFrom0800_P90","FirstBreakMinutesFrom0800_P95","MinutesToMFE_N","MinutesToMFE_Mean","MinutesToMFE_Median","MinutesToMFE_P25","MinutesToMFE_P50","MinutesToMFE_P75","MinutesToMFE_P90","MinutesToMFE_P95","NormalizedExpansion_N","NormalizedExpansion_Mean","NormalizedExpansion_Median","NormalizedExpansion_P25","NormalizedExpansion_P50","NormalizedExpansion_P75","NormalizedExpansion_P90","NormalizedExpansion_P95","HighBreakMFE_Pips_N","HighBreakMFE_Pips_Mean","HighBreakMFE_Pips_Median","HighBreakMFE_Pips_P25","HighBreakMFE_Pips_P50","HighBreakMFE_Pips_P75","HighBreakMFE_Pips_P90","HighBreakMFE_Pips_P95","LowBreakMFE_Pips_N","LowBreakMFE_Pips_Mean","LowBreakMFE_Pips_Median","LowBreakMFE_Pips_P25","LowBreakMFE_Pips_P50","LowBreakMFE_Pips_P75","LowBreakMFE_Pips_P90","LowBreakMFE_Pips_P95","MAE_LowerPips_N","MAE_LowerPips_Mean","MAE_LowerPips_Median","MAE_LowerPips_P25","MAE_LowerPips_P50","MAE_LowerPips_P75","MAE_LowerPips_P90","MAE_LowerPips_P95"
"AsiaRangePips","[0,20)","0","0","0","","","","","","0","0","0","","","0","","0","","0","","0","","0","","0","","0","","","","","","","","0","","","","","","","","0","","","","","","","","0","","","","","","","","0","","","","","","","","0","","","","","","","","0","","","","","","","","0","","","","","","","","0","","","","","","","","0","","","","","","","","0","","","","","","",""
"AsiaRangePips","[20,40)","3","0","2","0.00000000","66.66666667","0.00000000","33.33333333","0.00000000","2","2","0","100.00000000","100.00000000","0","0.00000000","2","66.66666667","0","0.00000000","0","0.00000000","1","33.33333333","0","0.00000000","3","28.06666667","30.10000000","25.95000000","30.10000000","31.20000000","31.86000000","32.08000000","3","18.60000000","17.90000000","17.30000000","17.90000000","19.55000000","20.54000000","20.87000000","3","0.67742165","0.65634675","0.60558201","0.65634675","0.73872383","0.78815008","0.80462550","2","13.85000000","13.85000000","10.72500000","13.85000000","16.97500000","18.85000000","19.47500000","2","8.55000000","8.55000000","5.32500000","8.55000000","11.77500000","13.71000000","14.35500000","2","48.00000000","48.00000000","46.00000000","48.00000000","50.00000000","51.20000000","51.60000000","2","116.00000000","116.00000000","74.00000000","116.00000000","158.00000000","183.20000000","191.60000000","2","0.50819897","0.50819897","0.42841141","0.50819897","0.58798653","0.63585906","0.65181657","0","","","","","","","","2","13.85000000","13.85000000","10.72500000","13.85000000","16.97500000","18.85000000","19.47500000","2","8.55000000","8.55000000","5.32500000","8.55000000","11.77500000","13.71000000","14.35500000"
"AsiaRangePips","[40,60)","1","0","0","0.00000000","0.00000000","0.00000000","100.00000000","0.00000000","0","0","0","","","0","0.00000000","0","0.00000000","0","0.00000000","0","0.00000000","1","100.00000000","0","0.00000000","1","41.60000000","41.60000000","41.60000000","41.60000000","41.60000000","41.60000000","41.60000000","1","17.50000000","17.50000000","17.50000000","17.50000000","17.50000000","17.50000000","17.50000000","1","0.42067308","0.42067308","0.42067308","0.42067308","0.42067308","0.42067308","0.42067308","0","","","","","","","","0","","","","","","","","0","","","","","","","","0","","","","","","","","0","","","","","","","","0","","","","","","","","0","","","","","","","","0","","","","","","",""
"AsiaRangePips","[60,80)","0","0","0","","","","","","0","0","0","","","0","","0","","0","","0","","0","","0","","0","","","","","","","","0","","","","","","","","0","","","","","","","","0","","","","","","","","0","","","","","","","","0","","","","","","","","0","","","","","","","","0","","","","","","","","0","","","","","","","","0","","","","","","","","0","","","","","","",""
"AsiaRangePips","[80,100)","0","0","0","","","","","","0","0","0","","","0","","0","","0","","0","","0","","0","","0","","","","","","","","0","","","","","","","","0","","","","","","","","0","","","","","","","","0","","","","","","","","0","","","","","","","","0","","","","","","","","0","","","","","","","","0","","","","","","","","0","","","","","","","","0","","","","","","",""
"AsiaRangePips","[100,+inf)","0","0","0","","","","","","0","0","0","","","0","","0","","0","","0","","0","","0","","0","","","","","","","","0","","","","","","","","0","","","","","","","","0","","","","","","","","0","","","","","","","","0","","","","","","","","0","","","","","","","","0","","","","","","","","0","","","","","","","","0","","","","","","","","0","","","","","","",""
"ATR14Pips","[0,20)","0","0","0","","","","","","0","0","0","","","0","","0","","0","","0","","0","","0","","0","","","","","","","","0","","","","","","","","0","","","","","","","","0","","","","","","","","0","","","","","","","","0","","","","","","","","0","","","","","","","","0","","","","","","","","0","","","","","","","","0","","","","","","","","0","","","","","","",""
"ATR14Pips","[20,40)","0","0","0","","","","","","0","0","0","","","0","","0","","0","","0","","0","","0","","0","","","","","","","","0","","","","","","","","0","","","","","","","","0","","","","","","","","0","","","","","","","","0","","","","","","","","0","","","","","","","","0","","","","","","","","0","","","","","","","","0","","","","","","","","0","","","","","","",""
"ATR14Pips","[40,60)","2","0","2","0.00000000","100.00000000","0.00000000","0.00000000","0.00000000","2","2","0","100.00000000","100.00000000","0","0.00000000","2","100.00000000","0","0.00000000","0","0.00000000","0","0.00000000","0","0.00000000","2","25.95000000","25.95000000","23.87500000","25.95000000","28.02500000","29.27000000","29.68500000","2","17.30000000","17.30000000","17.00000000","17.30000000","17.60000000","17.78000000","17.84000000","2","0.68795910","0.68795910","0.62138819","0.68795910","0.75453001","0.79447255","0.80778674","2","13.85000000","13.85000000","10.72500000","13.85000000","16.97500000","18.85000000","19.47500000","2","8.55000000","8.55000000","5.32500000","8.55000000","11.77500000","13.71000000","14.35500000","2","48.00000000","48.00000000","46.00000000","48.00000000","50.00000000","51.20000000","51.60000000","2","116.00000000","116.00000000","74.00000000","116.00000000","158.00000000","183.20000000","191.60000000","2","0.50819897","0.50819897","0.42841141","0.50819897","0.58798653","0.63585906","0.65181657","0","","","","","","","","2","13.85000000","13.85000000","10.72500000","13.85000000","16.97500000","18.85000000","19.47500000","2","8.55000000","8.55000000","5.32500000","8.55000000","11.77500000","13.71000000","14.35500000"
"ATR14Pips","[60,80)","0","0","0","","","","","","0","0","0","","","0","","0","","0","","0","","0","","0","","0","","","","","","","","0","","","","","","","","0","","","","","","","","0","","","","","","","","0","","","","","","","","0","","","","","","","","0","","","","","","","","0","","","","","","","","0","","","","","","","","0","","","","","","","","0","","","","","","",""
"ATR14Pips","[80,100)","0","0","0","","","","","","0","0","0","","","0","","0","","0","","0","","0","","0","","0","","","","","","","","0","","","","","","","","0","","","","","","","","0","","","","","","","","0","","","","","","","","0","","","","","","","","0","","","","","","","","0","","","","","","","","0","","","","","","","","0","","","","","","","","0","","","","","","",""
"ATR14Pips","[100,+inf)","0","0","0","","","","","","0","0","0","","","0","","0","","0","","0","","0","","0","","0","","","","","","","","0","","","","","","","","0","","","","","","","","0","","","","","","","","0","","","","","","","","0","","","","","","","","0","","","","","","","","0","","","","","","","","0","","","","","","","","0","","","","","","","","0","","","","","","",""
"ADR20Pips","[0,20)","0","0","0","","","","","","0","0","0","","","0","","0","","0","","0","","0","","0","","0","","","","","","","","0","","","","","","","","0","","","","","","","","0","","","","","","","","0","","","","","","","","0","","","","","","","","0","","","","","","","","0","","","","","","","","0","","","","","","","","0","","","","","","","","0","","","","","","",""
"ADR20Pips","[20,40)","0","0","0","","","","","","0","0","0","","","0","","0","","0","","0","","0","","0","","0","","","","","","","","0","","","","","","","","0","","","","","","","","0","","","","","","","","0","","","","","","","","0","","","","","","","","0","","","","","","","","0","","","","","","","","0","","","","","","","","0","","","","","","","","0","","","","","","",""
"ADR20Pips","[40,60)","1","0","1","0.00000000","100.00000000","0.00000000","0.00000000","0.00000000","1","1","0","100.00000000","100.00000000","0","0.00000000","1","100.00000000","0","0.00000000","0","0.00000000","0","0.00000000","0","0.00000000","1","21.80000000","21.80000000","21.80000000","21.80000000","21.80000000","21.80000000","21.80000000","1","17.90000000","17.90000000","17.90000000","17.90000000","17.90000000","17.90000000","17.90000000","1","0.82110092","0.82110092","0.82110092","0.82110092","0.82110092","0.82110092","0.82110092","1","7.60000000","7.60000000","7.60000000","7.60000000","7.60000000","7.60000000","7.60000000","1","15.00000000","15.00000000","15.00000000","15.00000000","15.00000000","15.00000000","15.00000000","1","44.00000000","44.00000000","44.00000000","44.00000000","44.00000000","44.00000000","44.00000000","1","32.00000000","32.00000000","32.00000000","32.00000000","32.00000000","32.00000000","32.00000000","1","0.34862385","0.34862385","0.34862385","0.34862385","0.34862385","0.34862385","0.34862385","0","","","","","","","","1","7.60000000","7.60000000","7.60000000","7.60000000","7.60000000","7.60000000","7.60000000","1","15.00000000","15.00000000","15.00000000","15.00000000","15.00000000","15.00000000","15.00000000"
"ADR20Pips","[60,80)","0","0","0","","","","","","0","0","0","","","0","","0","","0","","0","","0","","0","","0","","","","","","","","0","","","","","","","","0","","","","","","","","0","","","","","","","","0","","","","","","","","0","","","","","","","","0","","","","","","","","0","","","","","","","","0","","","","","","","","0","","","","","","","","0","","","","","","",""
"ADR20Pips","[80,100)","0","0","0","","","","","","0","0","0","","","0","","0","","0","","0","","0","","0","","0","","","","","","","","0","","","","","","","","0","","","","","","","","0","","","","","","","","0","","","","","","","","0","","","","","","","","0","","","","","","","","0","","","","","","","","0","","","","","","","","0","","","","","","","","0","","","","","","",""
"ADR20Pips","[100,+inf)","0","0","0","","","","","","0","0","0","","","0","","0","","0","","0","","0","","0","","0","","","","","","","","0","","","","","","","","0","","","","","","","","0","","","","","","","","0","","","","","","","","0","","","","","","","","0","","","","","","","","0","","","","","","","","0","","","","","","","","0","","","","","","","","0","","","","","","",""
