"Date","DayOfWeek","Symbol","UTCOffset","DataStatus","SetupStatus","SetupValid","OutcomeComplete","AsiaComplete","AsiaExpectedBars","AsiaBars","AsiaMissingBars","AsiaMaxGapMinutes","AsiaBadBars","AsiaHigh","AsiaLow","AsiaRange","AsiaRangePoints","AsiaRangePips","AsiaHighTime","AsiaLowTime","LondonComplete","LondonExpectedBars","LondonBars","LondonMissingBars","LondonMaxGapMinutes","LondonBadBars","LondonHigh","LondonLow","LondonRange","LondonRangePoints","LondonRangePips","LondonHighTime","LondonLowTime","CompressionRatio","LondonMid","LondonMidPosition","Price0800Time","Price0800","Price0800Position","Distance0800ToAsiaHighPoints","Distance0800ToAsiaHighPips","Distance0800ToAsiaHighPctAsia","Distance0800ToAsiaLowPoints","Distance0800ToAsiaLowPips","Distance0800ToAsiaLowPctAsia","BreakoutClass","FirstBreakDirection","FirstBreakTime","FirstBreakMinutesFrom0800","FirstBreakPrice","NYComplete","NYExpectedBars","NYBars","NYMissingBars","NYMaxGapMinutes","NYBadBars","NYHigh","NYLow","NYRange","NYRangePoints","NYRangePips","NYHighTime","NYLowTime","NYRangeToAsiaRange","HighBreakOccurred","HighBreakTime","HighBreakPrice","HighBreakBarOpen","HighBreakGap","HighBreakMFE_Points","HighBreakMFE_Pips","HighBreakMFE_PctAsia","HighBreakMAE_Points","HighBreakMAE_Pips","HighBreakMAE_PctAsia","HighBreakMAELower_Points","HighBreakMAELower_Pips","HighBreakMAELower_PctAsia","HighBreakMAERatio","HighNormalizedExpansion","HighBreakMAEAmbiguous","HighBreakMFETime","HighBreakMinutesToMFE","HighBreakReturnedInsideAsia","HighBreakTimeReturnedInsideAsia","HighBreakEarliestPossibleReturnTime","HighBreakOppositeAfter","HighBreakOppositeAfterTime","HighBreakEarliestPossibleOppositeTime","High_A_SL_Points","High_A_SL_Pips","High_A_0_5R_Status","High_A_0_5R_HitBeforeSL","High_A_1R_Status","High_A_1R_HitBeforeSL","High_A_1_5R_Status","High_A_1_5R_HitBeforeSL","High_A_2R_Status","High_A_2R_HitBeforeSL","High_A_2_5R_Status","High_A_2_5R_HitBeforeSL","High_A_3R_Status","High_A_3R_HitBeforeSL","High_A_4R_Status","High_A_4R_HitBeforeSL","High_B_SL_Points","High_B_SL_Pips","High_B_0_5R_Status","High_B_0_5R_HitBeforeSL","High_B_1R_Status","High_B_1R_HitBeforeSL","High_B_1_5R_Status","High_B_1_5R_HitBeforeSL","High_B_2R_Status","High_B_2R_HitBeforeSL","High_B_2_5R_Status","High_B_2_5R_HitBeforeSL","High_B_3R_Status","High_B_3R_HitBeforeSL","High_B_4R_Status","High_B_4R_HitBeforeSL","High_C_SL_Points","High_C_SL_Pips","High_C_0_5R_Status","High_C_0_5R_HitBeforeSL","High_C_1R_Status","High_C_1R_HitBeforeSL","High_C_1_5R_Status","High_C_1_5R_HitBeforeSL","High_C_2R_Status","High_C_2R_HitBeforeSL","High_C_2_5R_Status","High_C_2_5R_HitBeforeSL","High_C_3R_Status","High_C_3R_HitBeforeSL","High_C_4R_Status","High_C_4R_HitBeforeSL","LowBreakOccurred","LowBreakTime","LowBreakPrice","LowBreakBarOpen","LowBreakGap","LowBreakMFE_Points","LowBreakMFE_Pips","LowBreakMFE_PctAsia","LowBreakMAE_Points","LowBreakMAE_Pips","LowBreakMAE_PctAsia","LowBreakMAELower_Points","LowBreakMAELower_Pips","LowBreakMAELower_PctAsia","LowBreakMAERatio","LowNormalizedExpansion","LowBreakMAEAmbiguous","LowBreakMFETime","LowBreakMinutesToMFE","LowBreakReturnedInsideAsia","LowBreakTimeReturnedInsideAsia","LowBreakEarliestPossibleReturnTime","LowBreakOppositeAfter","LowBreakOppositeAfterTime","LowBreakEarliestPossibleOppositeTime","Low_A_SL_Points","Low_A_SL_Pips","Low_A_0_5R_Status","Low_A_0_5R_HitBeforeSL","Low_A_1R_Status","Low_A_1R_HitBeforeSL","Low_A_1_5R_Status","Low_A_1_5R_HitBeforeSL","Low_A_2R_Status","Low_A_2R_HitBeforeSL","Low_A_2_5R_Status","Low_A_2_5R_HitBeforeSL","Low_A_3R_Status","Low_A_3R_HitBeforeSL","Low_A_4R_Status","Low_A_4R_HitBeforeSL","Low_B_SL_Points","Low_B_SL_Pips","Low_B_0_5R_Status","Low_B_0_5R_HitBeforeSL","Low_B_1R_Status","Low_B_1R_HitBeforeSL","Low_B_1_5R_Status","Low_B_1_5R_HitBeforeSL","Low_B_2R_Status","Low_B_2R_HitBeforeSL","Low_B_2_5R_Status","Low_B_2_5R_HitBeforeSL","Low_B_3R_Status","Low_B_3R_HitBeforeSL","Low_B_4R_Status","Low_B_4R_HitBeforeSL","Low_C_SL_Points","Low_C_SL_Pips","Low_C_0_5R_Status","Low_C_0_5R_HitBeforeSL","Low_C_1R_Status","Low_C_1R_HitBeforeSL","Low_C_1_5R_Status","Low_C_1_5R_HitBeforeSL","Low_C_2R_Status","Low_C_2R_HitBeforeSL","Low_C_2_5R_Status","Low_C_2_5R_HitBeforeSL","Low_C_3R_Status","Low_C_3R_HitBeforeSL","Low_C_4R_Status","Low_C_4R_HitBeforeSL","ReturnedInsideAsia","TimeReturnedInsideAsia","BreakBothSides","FirstBreakMFE_Points","FirstBreakMFE_Pips","FirstBreakMFE_PctAsia","FirstBreakMAE_Points","FirstBreakMAE_Pips","FirstBreakMAE_PctAsia","FirstBreakMAELower_Points","FirstBreakMAELower_Pips","FirstBreakMAELower_PctAsia","MFETime","MinutesToMFE","PreviousDayDate","PreviousDayRange","PreviousDayRangePoints","PreviousDayRangePips","PreviousDayOpen","PreviousDayClose","PreviousDayDirection","ATR14","ATR14Points","ATR14Pips","ADR20","ADR20Points","ADR20Pips","PreviousDayCoveragePct","Context20MinCoveragePct","ContextConsecutiveDays","ContextQuality"
"2024.01.02","Tuesday","EURUSD","-3","OK","VALID","true","true","true","480","480","0","0","0","1.10200000","1.09800000","0.00400000","400.00000000","40.00000000","2024.01.01 20:00:00","2024.01.01 20:00:00","true","240","240","0","0","0","1.10100000","1.09900000","0.00200000","200.00000000","20.00000000","2024.01.02 04:00:00","2024.01.02 04:00:00","0.50000000","1.10000000","0.50000000","2024.01.02 08:00:00","1.10000000","0.50000000","200.00000000","20.00000000","50.00000000","200.00000000","20.00000000","50.00000000","HIGH_ONLY","HIGH","2024.01.02 08:00:00","0.00000000","1.10200000","true","360","360","0","0","0","1.10400000","1.09950000","0.00450000","450.00000000","45.00000000","2024.01.02 08:00:00","2024.01.02 08:00:00","1.12500000","true","2024.01.02 08:00:00","1.10200000","1.10000000","false","200.00000000","20.00000000","50.00000000","250.00000000","25.00000000","62.50000000","250.00000000","25.00000000","62.50000000","0.62500000","0.50000000","false","2024.01.02 08:00:00","0.00000000","true","2024.01.02 08:00:00","2024.01.02 08:00:00","false","","","200.00000000","20.00000000","AMBIGUOUS","","AMBIGUOUS","","SL_FIRST","false","SL_FIRST","false","SL_FIRST","false","SL_FIRST","false","SL_FIRST","false","200.00000000","20.00000000","AMBIGUOUS","","AMBIGUOUS","","SL_FIRST","false","SL_FIRST","false","SL_FIRST","false","SL_FIRST","false","SL_FIRST","false","300.00000000","30.00000000","HIT_BEFORE_SL","true","NOT_REACHED","false","NOT_REACHED","false","NOT_REACHED","false","NOT_REACHED","false","NOT_REACHED","false","NOT_REACHED","false","false","","","","","","","","","","","","","","","","","","","","","","","","","","","NO_BREAK","","NO_BREAK","","NO_BREAK","","NO_BREAK","","NO_BREAK","","NO_BREAK","","NO_BREAK","","","","NO_BREAK","","NO_BREAK","","NO_BREAK","","NO_BREAK","","NO_BREAK","","NO_BREAK","","NO_BREAK","","","","NO_BREAK","","NO_BREAK","","NO_BREAK","","NO_BREAK","","NO_BREAK","","NO_BREAK","","NO_BREAK","","true","2024.01.02 08:00:00","false","200.00000000","20.00000000","50.00000000","250.00000000","25.00000000","62.50000000","250.00000000","25.00000000","62.50000000","2024.01.02 08:00:00","0.00000000","","","","","","","","","","","","","","","","0","INSUFFICIENT"
"2024.01.03","Wednesday","EURUSD","-3","OK","VALID","true","true","true","480","480","0","0","0","1.10200000","1.09800000","0.00400000","400.00000000","40.00000000","2024.01.02 20:00:00","2024.01.02 20:00:00","true","240","240","0","0","0","1.10100000","1.09900000","0.00200000","200.00000000","20.00000000","2024.01.03 04:00:00","2024.01.03 04:00:00","0.50000000","1.10000000","0.50000000","2024.01.03 08:00:00","1.10000000","0.50000000","200.00000000","20.00000000","50.00000000","200.00000000","20.00000000","50.00000000","LOW_ONLY","LOW","2024.01.03 08:00:00","0.00000000","1.09800000","true","360","360","0","0","0","1.10050000","1.09600000","0.00450000","450.00000000","45.00000000","2024.01.03 08:00:00","2024.01.03 08:00:00","1.12500000","false","","","","","","","","","","","","","","","","","","","","","","","","","","","NO_BREAK","","NO_BREAK","","NO_BREAK","","NO_BREAK","","NO_BREAK","","NO_BREAK","","NO_BREAK","","","","NO_BREAK","","NO_BREAK","","NO_BREAK","","NO_BREAK","","NO_BREAK","","NO_BREAK","","NO_BREAK","","","","NO_BREAK","","NO_BREAK","","NO_BREAK","","NO_BREAK","","NO_BREAK","","NO_BREAK","","NO_BREAK","","true","2024.01.03 08:00:00","1.09800000","1.10000000","false","200.00000000","20.00000000","50.00000000","250.00000000","25.00000000","62.50000000","250.00000000","25.00000000","62.50000000","0.62500000","0.50000000","false","2024.01.03 08:00:00","0.00000000","true","2024.01.03 08:00:00","2024.01.03 08:00:00","false","","","200.00000000","20.00000000","AMBIGUOUS","","AMBIGUOUS","","SL_FIRST","false","SL_FIRST","false","SL_FIRST","false","SL_FIRST","false","SL_FIRST","false","200.00000000","20.00000000","AMBIGUOUS","","AMBIGUOUS","","SL_FIRST","false","SL_FIRST","false","SL_FIRST","false","SL_FIRST","false","SL_FIRST","false","300.00000000","30.00000000","HIT_BEFORE_SL","true","NOT_REACHED","false","NOT_REACHED","false","NOT_REACHED","false","NOT_REACHED","false","NOT_REACHED","false","NOT_REACHED","false","true","2024.01.03 08:00:00","false","200.00000000","20.00000000","50.00000000","250.00000000","25.00000000","62.50000000","250.00000000","25.00000000","62.50000000","2024.01.03 08:00:00","0.00000000","","","","","","","","","","","","","","","","0","INSUFFICIENT"
"2024.01.04","Thursday","EURUSD","-3","OK","VALID","true","true","true","480","480","0","0","0","1.10200000","1.09800000","0.00400000","400.00000000","40.00000000","2024.01.03 20:00:00","2024.01.03 20:00:00","true","240","240","0","0","0","1.10100000","1.09900000","0.00200000","200.00000000","20.00000000","2024.01.04 04:00:00","2024.01.04 04:00:00","0.50000000","1.10000000","0.50000000","2024.01.04 08:00:00","1.10000000","0.50000000","200.00000000","20.00000000","50.00000000","200.00000000","20.00000000","50.00000000","HIGH_THEN_LOW","HIGH","2024.01.04 08:00:00","0.00000000","1.10200000","true","360","360","0","0","0","1.10400000","1.09600000","0.00800000","800.00000000","80.00000000","2024.01.04 08:00:00","2024.01.04 08:01:00","2.00000000","true","2024.01.04 08:00:00","1.10200000","1.10000000","false","200.00000000","20.00000000","50.00000000","600.00000000","60.00000000","150.00000000","600.00000000","60.00000000","150.00000000","1.50000000","0.50000000","false","2024.01.04 08:00:00","0.00000000","true","2024.01.04 08:00:00","2024.01.04 08:00:00","true","2024.01.04 08:01:00","2024.01.04 08:01:00","200.00000000","20.00000000","AMBIGUOUS","","AMBIGUOUS","","SL_FIRST","false","SL_FIRST","false","SL_FIRST","false","SL_FIRST","false","SL_FIRST","false","200.00000000","20.00000000","AMBIGUOUS","","AMBIGUOUS","","SL_FIRST","false","SL_FIRST","false","SL_FIRST","false","SL_FIRST","false","SL_FIRST","false","300.00000000","30.00000000","HIT_BEFORE_SL","true","SL_FIRST","false","SL_FIRST","false","SL_FIRST","false","SL_FIRST","false","SL_FIRST","false","SL_FIRST","false","true","2024.01.04 08:01:00","1.09800000","1.10000000","false","200.00000000","20.00000000","50.00000000","250.00000000","25.00000000","62.50000000","250.00000000","25.00000000","62.50000000","0.62500000","0.50000000","false","2024.01.04 08:01:00","0.00000000","true","2024.01.04 08:01:00","2024.01.04 08:01:00","false","","","200.00000000","20.00000000","AMBIGUOUS","","AMBIGUOUS","","SL_FIRST","false","SL_FIRST","false","SL_FIRST","false","SL_FIRST","false","SL_FIRST","false","200.00000000","20.00000000","AMBIGUOUS","","AMBIGUOUS","","SL_FIRST","false","SL_FIRST","false","SL_FIRST","false","SL_FIRST","false","SL_FIRST","false","300.00000000","30.00000000","HIT_BEFORE_SL","true","NOT_REACHED","false","NOT_REACHED","false","NOT_REACHED","false","NOT_REACHED","false","NOT_REACHED","false","NOT_REACHED","false","true","2024.01.04 08:00:00","true","200.00000000","20.00000000","50.00000000","600.00000000","60.00000000","150.00000000","600.00000000","60.00000000","150.00000000","2024.01.04 08:00:00","0.00000000","","","","","","","","","","","","","","","","0","INSUFFICIENT"
"2024.01.05","Friday","EURUSD","-3","OK","VALID","true","true","true","480","480","0","0","0","1.10200000","1.09800000","0.00400000","400.00000000","40.00000000","2024.01.04 20:00:00","2024.01.04 20:00:00","true","240","240","0","0","0","1.10100000","1.09900000","0.00200000","200.00000000","20.00000000","2024.01.05 04:00:00","2024.01.05 04:00:00","0.50000000","1.10000000","0.50000000","2024.01.05 08:00:00","1.10000000","0.50000000","200.00000000","20.00000000","50.00000000","200.00000000","20.00000000","50.00000000","LOW_THEN_HIGH","LOW","2024.01.05 08:00:00","0.00000000","1.09800000","true","360","360","0","0","0","1.10400000","1.09600000","0.00800000","800.00000000","80.00000000","2024.01.05 08:01:00","2024.01.05 08:00:00","2.00000000","true","2024.01.05 08:01:00","1.10200000","1.10000000","false","200.00000000","20.00000000","50.00000000","250.00000000","25.00000000","62.50000000","250.00000000","25.00000000","62.50000000","0.62500000","0.50000000","false","2024.01.05 08:01:00","0.00000000","true","2024.01.05 08:01:00","2024.01.05 08:01:00","false","","","200.00000000","20.00000000","AMBIGUOUS","","AMBIGUOUS","","SL_FIRST","false","SL_FIRST","false","SL_FIRST","false","SL_FIRST","false","SL_FIRST","false","200.00000000","20.00000000","AMBIGUOUS","","AMBIGUOUS","","SL_FIRST","false","SL_FIRST","false","SL_FIRST","false","SL_FIRST","false","SL_FIRST","false","300.00000000","30.00000000","HIT_BEFORE_SL","true","NOT_REACHED","false","NOT_REACHED","false","NOT_REACHED","false","NOT_REACHED","false","NOT_REACHED","false","NOT_REACHED","false","true","2024.01.05 08:00:00","1.09800000","1.10000000","false","200.00000000","20.00000000","50.00000000","600.00000000","60.00000000","150.00000000","600.00000000","60.00000000","150.00000000","1.50000000","0.50000000","false","2024.01.05 08:00:00","0.00000000","true","2024.01.05 08:00:00","2024.01.05 08:00:00","true","2024.01.05 08:01:00","2024.01.05 08:01:00","200.00000000","20.00000000","AMBIGUOUS","","AMBIGUOUS","","SL_FIRST","false","SL_FIRST","false","SL_FIRST","false","SL_FIRST","false","SL_FIRST","false","200.00000000","20.00000000","AMBIGUOUS","","AMBIGUOUS","","SL_FIRST","false","SL_FIRST","false","SL_FIRST","false","SL_FIRST","false","SL_FIRST","false","300.00000000","30.00000000","HIT_BEFORE_SL","true","SL_FIRST","false","SL_FIRST","false","SL_FIRST","false","SL_FIRST","false","SL_FIRST","false","SL_FIRST","false","true","2024.01.05 08:00:00","true","200.00000000","20.00000000","50.00000000","600.00000000","60.00000000","150.00000000","600.00000000","60.00000000","150.00000000","2024.01.05 08:00:00","0.00000000","","","","","","","","","","","","","","","","0","INSUFFICIENT"
"2024.01.08","Monday","EURUSD","-3","OK","VALID","true","true","true","480","480","0","0","0","1.10200000","1.09800000","0.00400000","400.00000000","40.00000000","2024.01.07 20:00:00","2024.01.07 20:00:00","true","240","240","0","0","0","1.10100000","1.09900000","0.00200000","200.00000000","20.00000000","2024.01.08 04:00:00","2024.01.08 04:00:00","0.50000000","1.10000000","0.50000000","2024.01.08 08:00:00","1.10000000","0.50000000","200.00000000","20.00000000","50.00000000","200.00000000","20.00000000","50.00000000","BOTH_ORDER_AMBIGUOUS","AMBIGUOUS","2024.01.08 08:00:00","0.00000000","","true","360","360","0","0","0","1.10400000","1.09600000","0.00800000","800.00000000","80.00000000","2024.01.08 08:00:00","2024.01.08 08:00:00","2.00000000","true","2024.01.08 08:00:00","1.10200000","1.10000000","false","200.00000000","20.00000000","50.00000000","600.00000000","60.00000000","150.00000000","600.00000000","60.00000000","150.00000000","1.50000000","0.50000000","false","2024.01.08 08:00:00","0.00000000","true","2024.01.08 08:00:00","2024.01.08 08:00:00","true","2024.01.08 08:01:00","2024.01.08 08:00:00","200.00000000","20.00000000","AMBIGUOUS","","AMBIGUOUS","","SL_FIRST","false","SL_FIRST","false","SL_FIRST","false","SL_FIRST","false","SL_FIRST","false","200.00000000","20.00000000","AMBIGUOUS","","AMBIGUOUS","","SL_FIRST","false","SL_FIRST","false","SL_FIRST","false","SL_FIRST","false","SL_FIRST","false","300.00000000","30.00000000","AMBIGUOUS","","SL_FIRST","false","SL_FIRST","false","SL_FIRST","false","SL_FIRST","false","SL_FIRST","false","SL_FIRST","false","true","2024.01.08 08:00:00","1.09800000","1.10000000","false","200.00000000","20.00000000","50.00000000","600.00000000","60.00000000","150.00000000","600.00000000","60.00000000","150.00000000","1.50000000","0.50000000","false","2024.01.08 08:00:00","0.00000000","true","2024.01.08 08:00:00","2024.01.08 08:00:00","true","2024.01.08 08:01:00","2024.01.08 08:00:00","200.00000000","20.00000000","AMBIGUOUS","","AMBIGUOUS","","SL_FIRST","false","SL_FIRST","false","SL_FIRST","false","SL_FIRST","false","SL_FIRST","false","200.00000000","20.00000000","AMBIGUOUS","","AMBIGUOUS","","SL_FIRST","false","SL_FIRST","false","SL_FIRST","false","SL_FIRST","false","SL_FIRST","false","300.00000000","30.00000000","AMBIGUOUS","","SL_FIRST","false","SL_FIRST","false","SL_FIRST","false","SL_FIRST","false","SL_FIRST","false","SL_FIRST","false","","","true","","","","","","","","","","","","","","","","","","","","","","","","","","","0","INSUFFICIENT"
"2024.01.09","Tuesday","EURUSD","-3","OK","VALID","true","true","true","480","480","0","0","0","1.10200000","1.09800000","0.00400000","400.00000000","40.00000000","2024.01.08 20:00:00","2024.01.08 20:00:00","true","240","240","0","0","0","1.10100000","1.09900000","0.00200000","200.00000000","20.00000000","2024.01.09 04:00:00","2024.01.09 04:00:00","0.50000000","1.10000000","0.50000000","2024.01.09 08:00:00","1.10000000","0.50000000","200.00000000","20.00000000","50.00000000","200.00000000","20.00000000","50.00000000","NO_BREAK","NONE","","","","true","360","360","0","0","0","1.10050000","1.09950000","0.00100000","100.00000000","10.00000000","2024.01.09 08:00:00","2024.01.09 08:00:00","0.25000000","false","","","","","","","","","","","","","","","","","","","","","","","","","","","NO_BREAK","","NO_BREAK","","NO_BREAK","","NO_BREAK","","NO_BREAK","","NO_BREAK","","NO_BREAK","","","","NO_BREAK","","NO_BREAK","","NO_BREAK","","NO_BREAK","","NO_BREAK","","NO_BREAK","","NO_BREAK","","","","NO_BREAK","","NO_BREAK","","NO_BREAK","","NO_BREAK","","NO_BREAK","","NO_BREAK","","NO_BREAK","","false","","","","","","","","","","","","","","","","","","","","","","","","","","","NO_BREAK","","NO_BREAK","","NO_BREAK","","NO_BREAK","","NO_BREAK","","NO_BREAK","","NO_BREAK","","","","NO_BREAK","","NO_BREAK","","NO_BREAK","","NO_BREAK","","NO_BREAK","","NO_BREAK","","NO_BREAK","","","","NO_BREAK","","NO_BREAK","","NO_BREAK","","NO_BREAK","","NO_BREAK","","NO_BREAK","","NO_BREAK","","","","false","","","","","","","","","","","","","","","","","","","","","","","","","","","0","INSUFFICIENT"
"2024.01.10","Wednesday","EURUSD","-3","OK","INVALID","false","true","true","480","480","0","0","0","1.10200000","1.09800000","0.00400000","400.00000000","40.00000000","2024.01.09 20:00:00","2024.01.09 20:00:00","true","240","240","0","0","0","1.10200000","1.09900000","0.00300000","300.00000000","30.00000000","2024.01.10 04:00:00","2024.01.10 04:00:00","0.75000000","1.10050000","0.62500000","2024.01.10 08:00:00","1.10000000","0.50000000","200.00000000","20.00000000","50.00000000","200.00000000","20.00000000","50.00000000","NO_BREAK","NONE","","","","true","360","360","0","0","0","1.10050000","1.09950000","0.00100000","100.00000000","10.00000000","2024.01.10 08:00:00","2024.01.10 08:00:00","0.25000000","false","","","","","","","","","","","","","","","","","","","","","","","","","","","NO_BREAK","","NO_BREAK","","NO_BREAK","","NO_BREAK","","NO_BREAK","","NO_BREAK","","NO_BREAK","","","","NO_BREAK","","NO_BREAK","","NO_BREAK","","NO_BREAK","","NO_BREAK","","NO_BREAK","","NO_BREAK","","","","NO_BREAK","","NO_BREAK","","NO_BREAK","","NO_BREAK","","NO_BREAK","","NO_BREAK","","NO_BREAK","","false","","","","","","","","","","","","","","","","","","","","","","","","","","","NO_BREAK","","NO_BREAK","","NO_BREAK","","NO_BREAK","","NO_BREAK","","NO_BREAK","","NO_BREAK","","","","NO_BREAK","","NO_BREAK","","NO_BREAK","","NO_BREAK","","NO_BREAK","","NO_BREAK","","NO_BREAK","","","","NO_BREAK","","NO_BREAK","","NO_BREAK","","NO_BREAK","","NO_BREAK","","NO_BREAK","","NO_BREAK","","","","false","","","","","","","","","","","","","","","","","","","","","","","","","","","0","INSUFFICIENT"
"2024.01.11","Thursday","EURUSD","-3","OK","INVALID","false","true","true","480","480","0","0","0","1.10200000","1.09800000","0.00400000","400.00000000","40.00000000","2024.01.10 20:00:00","2024.01.10 20:00:00","true","240","240","0","0","0","1.10100000","1.09800000","0.00300000","300.00000000","30.00000000","2024.01.11 04:00:00","2024.01.11 04:00:00","0.75000000","1.09950000","0.37500000","2024.01.11 08:00:00","1.10000000","0.50000000","200.00000000","20.00000000","50.00000000","200.00000000","20.00000000","50.00000000","NO_BREAK","NONE","","","","true","360","360","0","0","0","1.10050000","1.09950000","0.00100000","100.00000000","10.00000000","2024.01.11 08:00:00","2024.01.11 08:00:00","0.25000000","false","","","","","","","","","","","","","","","","","","","","","","","","","","","NO_BREAK","","NO_BREAK","","NO_BREAK","","NO_BREAK","","NO_BREAK","","NO_BREAK","","NO_BREAK","","","","NO_BREAK","","NO_BREAK","","NO_BREAK","","NO_BREAK","","NO_BREAK","","NO_BREAK","","NO_BREAK","","","","NO_BREAK","","NO_BREAK","","NO_BREAK","","NO_BREAK","","NO_BREAK","","NO_BREAK","","NO_BREAK","","false","","","","","","","","","","","","","","","","","","","","","","","","","","","NO_BREAK","","NO_BREAK","","NO_BREAK","","NO_BREAK","","NO_BREAK","","NO_BREAK","","NO_BREAK","","","","NO_BREAK","","NO_BREAK","","NO_BREAK","","NO_BREAK","","NO_BREAK","","NO_BREAK","","NO_BREAK","","","","NO_BREAK","","NO_BREAK","","NO_BREAK","","NO_BREAK","","NO_BREAK","","NO_BREAK","","NO_BREAK","","","","false","","","","","","","","","","","","","","","","","","","","","","","","","","","0","INSUFFICIENT"
"2024.01.12","Friday","EURUSD","-3","INCOMPLETE_NY_M1","VALID","true","false","true","480","480","0","0","0","1.10200000","1.09800000","0.00400000","400.00000000","40.00000000","2024.01.11 20:00:00","2024.01.11 20:00:00","true","240","240","0","0","0","1.10100000","1.09900000","0.00200000","200.00000000","20.00000000","2024.01.12 04:00:00","2024.01.12 04:00:00","0.50000000","1.10000000","0.50000000","2024.01.12 08:00:00","1.10000000","0.50000000","200.00000000","20.00000000","50.00000000","200.00000000","20.00000000","50.00000000","UNAVAILABLE","","","","","false","360","359","1","1","1","1.10050000","1.09950000","0.00100000","100.00000000","10.00000000","2024.01.12 08:00:00","2024.01.12 08:00:00","","","","","","","","","","","","","","","","","","","","","","","","","","","","","UNAVAILABLE","","UNAVAILABLE","","UNAVAILABLE","","UNAVAILABLE","","UNAVAILABLE","","UNAVAILABLE","","UNAVAILABLE","","","","UNAVAILABLE","","UNAVAILABLE","","UNAVAILABLE","","UNAVAILABLE","","UNAVAILABLE","","UNAVAILABLE","","UNAVAILABLE","","","","UNAVAILABLE","","UNAVAILABLE","","UNAVAILABLE","","UNAVAILABLE","","UNAVAILABLE","","UNAVAILABLE","","UNAVAILABLE","","","","","","","","","","","","","","","","","","","","","","","","","","","","","UNAVAILABLE","","UNAVAILABLE","","UNAVAILABLE","","UNAVAILABLE","","UNAVAILABLE","","UNAVAILABLE","","UNAVAILABLE","","","","UNAVAILABLE","","UNAVAILABLE","","UNAVAILABLE","","UNAVAILABLE","","UNAVAILABLE","","UNAVAILABLE","","UNAVAILABLE","","","","UNAVAILABLE","","UNAVAILABLE","","UNAVAILABLE","","UNAVAILABLE","","UNAVAILABLE","","UNAVAILABLE","","UNAVAILABLE","","","","","","","","","","","","","","","","","","","","","","","","","","","","","","","0","INSUFFICIENT"
"2024.01.15","Monday","EURUSD","-3","INCOMPLETE_SETUP_M1","UNKNOWN","","false","false","480","479","1","1","1","1.10200000","1.09800000","0.00400000","400.00000000","40.00000000","2024.01.14 20:00:00","2024.01.14 20:00:00","true","240","240","0","0","0","1.10100000","1.09900000","0.00200000","200.00000000","20.00000000","2024.01.15 04:00:00","2024.01.15 04:00:00","","","","2024.01.15 08:00:00","1.10000000","","","","","","","","UNAVAILABLE","","","","","true","360","360","0","0","0","1.10050000","1.09950000","0.00100000","100.00000000","10.00000000","2024.01.15 08:00:00","2024.01.15 08:00:00","","","","","","","","","","","","","","","","","","","","","","","","","","","","","UNAVAILABLE","","UNAVAILABLE","","UNAVAILABLE","","UNAVAILABLE","","UNAVAILABLE","","UNAVAILABLE","","UNAVAILABLE","","","","UNAVAILABLE","","UNAVAILABLE","","UNAVAILABLE","","UNAVAILABLE","","UNAVAILABLE","","UNAVAILABLE","","UNAVAILABLE","","","","UNAVAILABLE","","UNAVAILABLE","","UNAVAILABLE","","UNAVAILABLE","","UNAVAILABLE","","UNAVAILABLE","","UNAVAILABLE","","","","","","","","","","","","","","","","","","","","","","","","","","","","","UNAVAILABLE","","UNAVAILABLE","","UNAVAILABLE","","UNAVAILABLE","","UNAVAILABLE","","UNAVAILABLE","","UNAVAILABLE","","","","UNAVAILABLE","","UNAVAILABLE","","UNAVAILABLE","","UNAVAILABLE","","UNAVAILABLE","","UNAVAILABLE","","UNAVAILABLE","","","","UNAVAILABLE","","UNAVAILABLE","","UNAVAILABLE","","UNAVAILABLE","","UNAVAILABLE","","UNAVAILABLE","","UNAVAILABLE","","","","","","","","","","","","","","","","","","","","","","","","","","","","","","","0","INSUFFICIENT"
"2024.01.06","Saturday","EURUSD","-3","WEEKEND","UNKNOWN","","false","false","0","0","0","0","0","","","","","","","","false","0","0","0","0","0","","","","","","","","","","","","","","","","","","","","UNAVAILABLE","","","","","false","0","0","0","0","0","","","","","","","","","","","","","","","","","","","","","","","","","","","","","","","","","","","","UNAVAILABLE","","UNAVAILABLE","","UNAVAILABLE","","UNAVAILABLE","","UNAVAILABLE","","UNAVAILABLE","","UNAVAILABLE","","","","UNAVAILABLE","","UNAVAILABLE","","UNAVAILABLE","","UNAVAILABLE","","UNAVAILABLE","","UNAVAILABLE","","UNAVAILABLE","","","","UNAVAILABLE","","UNAVAILABLE","","UNAVAILABLE","","UNAVAILABLE","","UNAVAILABLE","","UNAVAILABLE","","UNAVAILABLE","","","","","","","","","","","","","","","","","","","","","","","","","","","","","UNAVAILABLE","","UNAVAILABLE","","UNAVAILABLE","","UNAVAILABLE","","UNAVAILABLE","","UNAVAILABLE","","UNAVAILABLE","","","","UNAVAILABLE","","UNAVAILABLE","","UNAVAILABLE","","UNAVAILABLE","","UNAVAILABLE","","UNAVAILABLE","","UNAVAILABLE","","","","UNAVAILABLE","","UNAVAILABLE","","UNAVAILABLE","","UNAVAILABLE","","UNAVAILABLE","","UNAVAILABLE","","UNAVAILABLE","","","","","","","","","","","","","","","","","","","","","","","","","","","","","","","0",""
