Pass_25,Result_25,Profit_25,Expected Payoff_25,Profit Factor_25,Recovery Factor_25,Sharpe Ratio_25,Custom_25,Equity DD %_25,Trades_25,InpUseRangeA,InpCancelSecondEntry,InpStopLossPips,InpRiskReward,InpAutoBreakeven,InpBreakevenPips,XML_row_25,Return_pct_25,Return_DD_25,Pass_26,Result_26,Profit_26,Expected Payoff_26,Profit Factor_26,Recovery Factor_26,Sharpe Ratio_26,Custom_26,Equity DD %_26,Trades_26,XML_row_26,Return_pct_26,Return_DD_26,both_positive,sum_independent_profit,worst_period_profit,max_period_DD,min_period_PF,min_period_recovery,min_period_return_DD,total_trades,illustrative_compound_pct,pareto
6.0,28.02,1650.0,41.25,1.075342,0.29517,2.917678,0.0,5.2951,40.0,false,true,10.0,1.0,false,0.0,429,1.6500000000000001,0.31160884591414706,6.0,6.72,6308.0,225.285714,1.559269,1.66,11.532162,0.0,3.6847,28.0,291,6.308,1.7119439845849052,True,7958.0,1650.0,5.2951,1.075342,0.29517,0.31160884591414706,68.0,8.062082000000004,True
8.0,56.84,5237.0,88.762712,1.115778,0.471038,3.355519,0.0,10.7038,59.0,false,false,15.0,1.0,false,0.0,445,5.237,0.4892654944972814,8.0,35.1,12464.0,328.0,1.542007,2.176358,8.256113,0.0,5.0258,38.0,135,12.464,2.4800031835727645,True,17701.0,5237.0,10.7038,1.115778,0.471038,0.4892654944972814,97.0,18.353739680000004,False
44.0,7.58,2734.0,40.80597,1.026111,0.105377,0.308478,0.0,25.1451,67.0,false,false,20.0,3.0,false,0.0,435,2.734,0.10872893724821138,44.0,13.71,10771.0,234.152174,1.155729,0.362611,1.33831,0.0,23.0763,46.0,232,10.771,0.46675593574359847,True,13505.0,2734.0,25.1451,1.026111,0.105377,0.10872893724821138,113.0,13.799479139999992,False
56.0,18.77,904.0,13.101449,1.010193,0.048615,0.137768,0.0,17.9816,69.0,false,false,15.0,4.0,false,0.0,418,0.9039999999999999,0.050273613026649455,56.0,28.48,14575.0,316.847826,1.261487,0.639339,1.97859,0.0,17.7094,46.0,164,14.575,0.8230092493252171,True,15479.0,904.0,17.9816,1.010193,0.048615,0.050273613026649455,115.0,15.610758000000002,False
60.0,17.13,11633.0,168.594203,1.101897,0.449289,0.826999,0.0,20.3861,69.0,false,false,20.0,4.0,false,0.0,469,11.633000000000001,0.5706339123226121,60.0,10.69,12618.0,268.468085,1.164526,0.410462,1.076889,0.0,24.4455,47.0,236,12.617999999999999,0.5161686199914094,True,24251.0,11633.0,24.4455,1.101897,0.410462,0.5161686199914094,116.0,25.718851940000008,False
72.0,14.88,9962.0,142.314286,1.107162,0.350257,0.916504,0.0,21.8982,70.0,false,false,15.0,5.0,false,0.0,457,9.962,0.45492323569973786,72.0,31.9,21814.0,474.217391,1.377059,0.914173,2.14204,0.0,17.9778,46.0,151,21.814,1.2133853975458622,True,31776.0,9962.0,21.8982,1.107162,0.350257,0.45492323569973786,116.0,33.94911068,False
76.0,11.09,10617.0,153.869565,1.089122,0.381235,0.603937,0.0,23.1114,69.0,false,false,20.0,5.0,false,0.0,464,10.617,0.45938368078091335,76.0,14.66,19670.0,409.791667,1.240892,0.498631,1.537903,0.0,29.0762,48.0,225,19.67,0.6764983044551902,True,30287.0,10617.0,29.0762,1.089122,0.381235,0.45938368078091335,117.0,32.37536390000002,False
88.0,60.54,3647.0,55.257576,1.146085,0.399146,3.32426,0.0,8.7771,66.0,false,false,15.0,1.0,true,5.0,440,3.6470000000000002,0.4155130965808752,88.0,52.08,6633.0,147.4,1.459763,1.193415,8.687414,0.0,5.0276,45.0,66,6.633,1.319317368127934,True,10280.0,3647.0,8.7771,1.146085,0.399146,0.4155130965808752,111.0,10.521905510000007,False
90.0,27.46,1062.0,26.55,1.068129,0.144687,1.848327,0.0,7.0441,40.0,false,true,15.0,1.0,true,5.0,423,1.0619999999999998,0.15076446955608236,90.0,6.96,6171.0,220.392857,1.832906,1.412128,13.173939,0.0,4.2852,28.0,277,6.171,1.4400728087370487,True,7233.0,1062.0,7.0441,1.068129,0.144687,0.15076446955608236,68.0,7.2985360199999905,False
109.0,26.2,1616.0,21.837838,1.038208,0.109005,0.802203,0.0,14.5915,74.0,true,false,20.0,2.0,true,5.0,428,1.616,0.11074940890244321,109.0,87.4,13997.0,264.09434,1.801753,2.150738,6.533689,0.0,5.7607,53.0,9,13.997000000000002,2.4297394413873317,True,15613.0,1616.0,14.5915,1.038208,0.109005,0.11074940890244321,127.0,15.839191519999996,False
120.0,37.04,1169.0,16.013699,1.038552,0.111866,0.625687,0.0,10.2131,73.0,false,false,15.0,3.0,true,5.0,424,1.169,0.11446083951004102,120.0,54.37,5426.0,108.52,1.327262,0.547196,2.354314,0.0,8.6953,50.0,64,5.426,0.6240152726185411,True,6595.0,1169.0,10.2131,1.038552,0.111866,0.11446083951004102,123.0,6.658429939999988,False
121.0,24.43,186.0,2.48,1.0046,0.016344,0.105593,0.0,11.2008,75.0,true,false,15.0,3.0,true,5.0,417,0.186,0.016605956717377333,121.0,88.23,13867.0,256.796296,1.807771,2.128473,6.84342,0.0,5.5469,54.0,8,13.866999999999999,2.499954929780598,True,14053.0,186.0,11.2008,1.0046,0.016344,0.016605956717377333,129.0,14.078792620000002,False
124.0,58.6,9261.0,126.863014,1.284752,0.841144,3.935291,0.0,10.708,73.0,false,false,20.0,3.0,true,5.0,455,9.261,0.8648673888681359,124.0,63.19,10207.0,204.14,1.531366,0.9733,3.875777,0.0,10.1638,50.0,43,10.206999999999999,1.0042503787953323,True,19468.0,9261.0,10.708,1.284752,0.841144,0.8648673888681359,123.0,20.413270269999995,False
125.0,58.96,16942.0,225.893333,1.398335,1.671138,4.459855,0.0,9.9783,75.0,true,false,20.0,3.0,true,5.0,477,16.942,1.6978844091678942,125.0,89.15,22349.0,421.679245,2.169737,2.204913,7.426368,0.0,8.8853,53.0,5,22.349,2.515278043510067,True,39291.0,16942.0,9.9783,1.398335,1.671138,1.6978844091678942,128.0,43.07736758,True
136.0,62.33,11461.0,157.0,1.377964,1.096746,5.11186,0.0,10.0655,73.0,false,false,15.0,4.0,true,5.0,468,11.461,1.1386418955839253,136.0,71.31,12836.0,256.72,1.774186,1.294474,5.07824,0.0,8.2668,50.0,29,12.836,1.5527168916630378,True,24297.0,11461.0,10.0655,1.377964,1.096746,1.1386418955839253,123.0,25.768133960000018,False
137.0,54.31,12900.0,169.736842,1.317938,1.535714,3.892566,0.0,8.2677,76.0,true,false,15.0,4.0,true,5.0,473,12.9,1.560288834863384,137.0,83.3,16739.0,309.981481,1.889663,1.737132,5.9769,0.0,8.4123,54.0,15,16.739,1.989824423760446,True,29639.0,12900.0,8.4123,1.317938,1.535714,1.560288834863384,130.0,31.798331,True
141.0,55.38,19358.0,258.106667,1.443442,1.407036,3.167969,0.0,13.5413,75.0,true,false,20.0,4.0,true,5.0,480,19.358,1.4295525540383864,141.0,92.71,35378.0,667.509434,2.85167,3.490331,8.252691,0.0,8.5836,53.0,2,35.378,4.121580688755301,True,54736.0,19358.0,13.5413,1.443442,1.407036,1.4295525540383864,128.0,61.58447324,True
149.0,29.63,1444.0,19.0,1.037297,0.148713,1.120691,0.0,9.5571,76.0,true,false,10.0,5.0,true,5.0,427,1.444,0.15109185840893158,149.0,60.34,7006.0,129.740741,1.39611,0.84983,3.990113,0.0,7.5152,54.0,48,7.005999999999999,0.932243985522674,True,8450.0,1444.0,9.5571,1.037297,0.148713,0.15109185840893158,130.0,8.551166639999996,False
152.0,39.44,5170.0,70.821918,1.164414,0.357192,1.155995,0.0,12.0976,73.0,false,false,15.0,5.0,true,5.0,444,5.17,0.42735749239518583,152.0,38.36,4136.0,81.098039,1.236262,0.259571,0.952241,0.0,13.7521,51.0,101,4.136,0.3007540666516387,True,9306.0,4136.0,13.7521,1.164414,0.259571,0.3007540666516387,124.0,9.519831200000016,False
153.0,40.7,10050.0,132.236842,1.24103,0.727734,1.920562,0.0,13.4705,76.0,true,false,15.0,5.0,true,5.0,460,10.05,0.7460747559481832,153.0,92.46,24828.0,459.777778,2.319585,2.576588,6.656635,0.0,8.1969,54.0,3,24.828,3.0289499688906782,True,34878.0,10050.0,13.4705,1.24103,0.727734,0.7460747559481832,130.0,37.37321400000002,False
157.0,10.77,4855.0,64.733333,1.109954,0.200636,0.602538,0.0,23.4159,75.0,true,false,20.0,5.0,true,5.0,441,4.855,0.20733774913627068,157.0,92.33,38699.0,730.169811,2.965015,3.133522,6.248594,0.0,9.769,53.0,4,38.699,3.96140853720954,True,43554.0,4855.0,23.4159,1.109954,0.200636,0.20733774913627068,128.0,45.43283645,False
246.0,28.02,1650.0,41.25,1.075342,0.29517,2.917678,0.0,5.2951,40.0,false,true,10.0,1.0,true,10.0,431,1.6500000000000001,0.31160884591414706,246.0,6.72,6308.0,225.285714,1.559269,1.66,11.532162,0.0,3.6847,28.0,289,6.308,1.7119439845849052,True,7958.0,1650.0,5.2951,1.075342,0.29517,0.31160884591414706,68.0,8.062082000000004,True
248.0,60.19,8739.0,140.951613,1.244907,0.830072,5.666081,0.0,9.9858,62.0,false,false,15.0,1.0,true,10.0,454,8.738999999999999,0.8751427026377455,248.0,44.14,14110.0,361.794872,1.828197,2.898521,12.506612,0.0,4.2467,39.0,89,14.11,3.322579885558198,True,22849.0,8739.0,9.9858,1.244907,0.830072,0.8751427026377455,101.0,24.082072900000018,False
250.0,20.57,1324.0,33.1,1.053117,0.13458,1.407133,0.0,9.4961,40.0,false,true,15.0,1.0,true,10.0,426,1.324,0.13942565895472878,250.0,8.25,11898.0,424.928571,2.010103,2.937778,12.744465,0.0,3.9259,28.0,251,11.898,3.0306426551873455,True,13222.0,1324.0,9.4961,1.053117,0.13458,0.13942565895472878,68.0,13.379529519999988,False
280.0,26.71,2172.0,30.166667,1.0507,0.179208,0.792512,0.0,11.5297,72.0,false,false,15.0,3.0,true,10.0,434,2.172,0.18838304552590268,280.0,45.85,13677.0,284.9375,1.524988,0.850242,4.224606,0.0,13.0854,48.0,84,13.677,1.0452106928332339,True,15849.0,2172.0,13.0854,1.0507,0.179208,0.18838304552590268,120.0,16.146064439999996,False
284.0,47.65,12974.0,180.194444,1.277104,0.987367,3.754725,0.0,12.0828,72.0,false,false,20.0,3.0,true,10.0,474,12.974,1.0737577382725858,284.0,48.02,17430.0,363.125,1.585331,1.008389,4.417013,0.0,13.7376,48.0,75,17.43,1.268780573025856,True,30404.0,12974.0,13.7376,1.277104,0.987367,1.0737577382725858,120.0,32.66536820000001,False
285.0,34.92,12827.0,173.337838,1.198293,0.638954,2.376534,0.0,19.7589,74.0,true,false,20.0,3.0,true,10.0,472,12.827,0.6491758144431117,285.0,89.03,43613.0,855.156863,3.024181,4.349122,12.972377,0.0,7.446,51.0,6,43.613,5.857238785925329,True,56440.0,12827.0,19.7589,1.198293,0.638954,0.6491758144431117,125.0,62.03423951,False
289.0,35.2,1061.0,14.534247,1.034595,0.115213,1.56871,0.0,9.064,73.0,true,false,5.0,4.0,true,10.0,422,1.061,0.11705648720211827,289.0,36.82,1496.0,29.333333,1.090371,0.317016,2.016151,0.0,4.5483,51.0,113,1.496,0.32891409977354175,True,2557.0,1061.0,9.064,1.034595,0.115213,0.11705648720211827,124.0,2.5728725600000057,False
296.0,54.4,16954.0,235.472222,1.395752,1.398845,5.215049,0.0,11.2098,72.0,false,false,15.0,4.0,true,10.0,478,16.954,1.5124266267016362,296.0,54.44,21057.0,438.6875,1.805208,1.309026,5.733014,0.0,12.6352,48.0,63,21.057000000000002,1.6665347600354568,True,38011.0,16954.0,12.6352,1.395752,1.309026,1.5124266267016362,120.0,41.581003780000025,True
297.0,40.65,11293.0,150.573333,1.187526,0.660062,2.591782,0.0,16.8396,75.0,true,false,15.0,4.0,true,10.0,467,11.293000000000001,0.6706216299674577,297.0,86.95,37503.0,721.211538,2.72388,4.257834,12.110006,0.0,6.5173,52.0,11,37.503,5.754376812483698,True,48796.0,11293.0,16.8396,1.187526,0.660062,0.6706216299674577,127.0,53.031213789999995,False
300.0,27.31,7085.0,97.054795,1.147629,0.37137,1.222813,0.0,16.9308,73.0,false,false,20.0,4.0,true,10.0,452,7.085,0.4184681172773879,300.0,16.89,6468.0,129.36,1.196369,0.271388,0.973937,0.0,20.2872,50.0,208,6.468,0.31882172009937304,True,13553.0,6468.0,20.2872,1.147629,0.271388,0.31882172009937304,123.0,14.01125780000001,False
301.0,16.43,5075.0,67.666667,1.076932,0.248592,0.633147,0.0,20.0935,75.0,true,false,20.0,4.0,true,10.0,442,5.075,0.25256923880856996,301.0,88.94,54278.0,1043.807692,3.269147,5.376189,8.219079,0.0,8.0631,52.0,7,54.278000000000006,6.731654078456177,True,59353.0,5075.0,20.0935,1.076932,0.248592,0.25256923880856996,127.0,62.10760850000001,False
308.0,33.38,2935.0,40.763889,1.069542,0.216366,1.452226,0.0,11.6839,72.0,false,false,10.0,5.0,true,10.0,438,2.935,0.2512003697395562,308.0,24.09,3407.0,69.530612,1.130837,0.177411,1.186462,0.0,15.7525,49.0,184,3.4070000000000005,0.21628312966195845,True,6342.0,2935.0,15.7525,1.069542,0.177411,0.21628312966195845,121.0,6.441995449999993,False
309.0,35.08,3305.0,44.066667,1.063723,0.225767,1.675603,0.0,14.4085,75.0,true,false,10.0,5.0,true,10.0,439,3.305,0.22937849186244233,309.0,76.25,18651.0,358.673077,1.896467,2.559138,7.819286,0.0,6.3041,52.0,19,18.651,2.9585507844101455,True,21956.0,3305.0,14.4085,1.063723,0.225767,0.22937849186244233,127.0,22.572415550000002,False
312.0,31.44,7505.0,102.808219,1.170522,0.453529,1.354712,0.0,14.9052,73.0,false,false,15.0,5.0,true,10.0,453,7.505000000000001,0.5035155516195691,312.0,41.06,15327.0,312.795918,1.535965,0.648789,2.750896,0.0,18.7153,49.0,96,15.326999999999998,0.8189556138560429,True,22832.0,7505.0,18.7153,1.170522,0.453529,0.5035155516195691,122.0,23.982291350000008,False
316.0,25.17,10289.0,140.945205,1.211795,0.457961,1.312377,0.0,19.245,73.0,false,false,20.0,5.0,true,10.0,463,10.289,0.5346323720446869,316.0,38.39,16170.0,323.4,1.490922,0.678471,2.318065,0.0,19.3263,50.0,100,16.17,0.8366836901010541,True,26459.0,10289.0,19.3263,1.211795,0.457961,0.5346323720446869,123.0,28.12273129999998,False
406.0,28.02,1650.0,41.25,1.075342,0.29517,2.917678,0.0,5.2951,40.0,false,true,10.0,1.0,true,15.0,433,1.6500000000000001,0.31160884591414706,406.0,6.72,6308.0,225.285714,1.559269,1.66,11.532162,0.0,3.6847,28.0,287,6.308,1.7119439845849052,True,7958.0,1650.0,5.2951,1.075342,0.29517,0.31160884591414706,68.0,8.062082000000004,True
408.0,56.84,5237.0,88.762712,1.115778,0.471038,3.355519,0.0,10.7038,59.0,false,false,15.0,1.0,true,15.0,448,5.237,0.4892654944972814,408.0,35.1,12464.0,328.0,1.542007,2.176358,8.256113,0.0,5.0258,38.0,132,12.464,2.4800031835727645,True,17701.0,5237.0,10.7038,1.115778,0.471038,0.4892654944972814,97.0,18.353739680000004,False
444.0,44.14,14559.0,207.985714,1.253752,0.864651,3.258446,0.0,15.801,70.0,false,false,20.0,3.0,true,15.0,475,14.559,0.9213973799126637,444.0,27.23,8389.0,174.770833,1.197203,0.432824,1.553685,0.0,16.4767,48.0,166,8.389000000000001,0.5091432143572439,True,22948.0,8389.0,16.4767,1.197203,0.432824,0.5091432143572439,118.0,24.169354509999998,False
445.0,43.04,20503.0,280.863014,1.297347,1.116052,3.238986,0.0,18.0817,73.0,true,false,20.0,3.0,true,15.0,481,20.503,1.1339088691881847,445.0,71.79,48513.0,990.061224,2.209348,3.438687,8.394975,0.0,10.0542,49.0,25,48.513,4.825147699468879,True,69016.0,20503.0,18.0817,1.297347,1.116052,1.1339088691881847,122.0,78.96262039000001,True
446.0,12.24,992.0,24.8,1.028358,0.076202,0.389526,0.0,12.7602,40.0,false,true,20.0,3.0,true,15.0,421,0.992,0.07774172818607859,446.0,6.62,26310.0,939.642857,2.406275,2.099258,7.262707,0.0,9.7631,28.0,292,26.31,2.6948407780315677,True,27302.0,992.0,12.7602,1.028358,0.076202,0.07774172818607859,68.0,27.562995200000007,False
449.0,24.48,61.0,0.835616,1.001812,0.005975,0.080484,0.0,10.0482,73.0,true,false,5.0,4.0,true,15.0,416,0.061,0.006070739037837623,449.0,21.25,26.0,0.530612,1.001293,0.004439,0.03241,0.0,5.609,49.0,191,0.026,0.00463540738099483,True,87.0,26.0,10.0482,1.001293,0.004439,0.00463540738099483,122.0,0.08701585999999484,False
453.0,24.35,1245.0,16.824324,1.022729,0.084757,0.635246,0.0,14.4577,74.0,true,false,10.0,4.0,true,15.0,425,1.2449999999999999,0.0861132821956466,453.0,47.21,12636.0,252.72,1.41038,1.241257,4.362705,0.0,8.9824,50.0,76,12.636,1.406750979693623,True,13881.0,1245.0,14.4577,1.022729,0.084757,0.0861132821956466,124.0,14.03831820000001,False
456.0,40.5,9855.0,138.802817,1.17574,0.567423,2.51628,0.0,16.5408,71.0,false,false,15.0,4.0,true,15.0,456,9.855,0.5957994776552524,456.0,37.12,11366.0,236.791667,1.317114,0.642764,2.368043,0.0,14.3997,48.0,112,11.366,0.789321999763884,True,21221.0,9855.0,16.5408,1.17574,0.567423,0.5957994776552524,119.0,22.341119300000003,False
457.0,46.01,18676.0,252.378378,1.288299,1.134629,3.745856,0.0,16.0802,74.0,true,false,15.0,4.0,true,15.0,479,18.676000000000002,1.1614283404435268,457.0,73.87,48393.0,967.86,2.409477,4.101797,8.86248,0.0,8.1209,50.0,23,48.393,5.9590685761430375,True,67069.0,18676.0,16.0802,1.288299,1.134629,1.1614283404435268,124.0,76.10687668,False
461.0,28.88,14563.0,196.797297,1.201361,0.710945,1.621206,0.0,19.5333,74.0,true,false,20.0,4.0,true,15.0,476,14.563,0.7455473473504222,461.0,75.19,58617.0,1149.352941,2.362584,4.149582,6.257588,0.0,10.79,51.0,22,58.617,5.432530120481928,True,73180.0,14563.0,19.5333,1.201361,0.710945,0.7455473473504222,125.0,81.71639370999999,False
469.0,45.43,10217.0,138.067568,1.186187,0.805186,4.416595,0.0,12.4892,74.0,true,false,10.0,5.0,true,15.0,462,10.217,0.8180668097236012,469.0,60.75,18072.0,361.44,1.577639,1.884856,5.075323,0.0,8.0165,50.0,47,18.072,2.2543504022952656,True,28289.0,10217.0,12.4892,1.186187,0.805186,0.8180668097236012,124.0,30.13541624,False
473.0,20.09,6500.0,86.666667,1.096097,0.321178,0.932668,0.0,19.2259,75.0,true,false,15.0,5.0,true,15.0,450,6.5,0.3380856032747492,473.0,75.4,58519.0,1147.431373,2.609256,4.335062,7.512699,0.0,9.1434,51.0,21,58.519,6.400135616947744,True,65019.0,6500.0,19.2259,1.096097,0.321178,0.3380856032747492,126.0,68.82273499999998,False
476.0,20.04,7080.0,98.333333,1.114766,0.312804,0.719139,0.0,18.5739,72.0,false,false,20.0,5.0,true,15.0,451,7.08,0.3811800429635134,476.0,10.38,7129.0,142.58,1.155996,0.254607,0.839214,0.0,23.891,50.0,237,7.1290000000000004,0.29839688585659874,True,14209.0,7080.0,23.891,1.114766,0.254607,0.29839688585659874,122.0,14.7137332,False
