Pass_F,Result_F,Profit_F,Expected Payoff_F,Profit Factor_F,Recovery Factor_F,Sharpe Ratio_F,Custom_F,Equity DD %_F,Trades_F,InpUseRangeA,InpCancelSecondEntry,InpStopLossPips,InpRiskReward,InpAutoBreakeven,InpBreakevenPips,InpVariableRisk_F,XML_row_F,Return_pct_F,Return_DD_F,Pass_V,Result_V,Profit_V,Expected Payoff_V,Profit Factor_V,Recovery Factor_V,Sharpe Ratio_V,Custom_V,Equity DD %_V,Trades_V,InpVariableRisk_V,XML_row_V,Return_pct_V,Return_DD_V,Result_delta,Profit_delta,Expected Payoff_delta,Profit Factor_delta,Recovery Factor_delta,Sharpe Ratio_delta,Custom_delta,Equity DD %_delta,Trades_delta,Return_DD_delta
0.0,16.59,-3982.33,-88.496222,0.901531,-0.264818,-3.907818,0.0,13.7402,45.0,false,false,5.0,3.0,false,0.0,false,551,-3.9823299999999997,-0.2898305701518173,288.0,16.42,-99.93,-2.220667,0.997942,-0.005966,-0.076757,0.0,14.8563,45.0,true,516,-0.09993,-0.006726439288382707,-0.16999999999999815,3882.4,86.275555,0.09641100000000002,0.25885199999999997,3.8310609999999996,0.0,1.1160999999999994,0.0,0.28310413086343456
1.0,37.18,7027.35,149.518085,1.180377,0.841526,6.356033,0.0,7.6691,47.0,true,false,5.0,3.0,false,0.0,false,392,7.02735,0.9163200375532983,289.0,40.83,14880.42,330.676,1.355122,1.575371,11.224479,0.0,8.8166,45.0,true,191,14.880419999999999,1.687773064446612,3.6499999999999986,7853.07,181.15791499999997,0.17474499999999993,0.7338450000000001,4.8684460000000005,0.0,1.147499999999999,-2.0,0.7714530268933137
2.0,4.71,8813.59,314.771071,1.393267,1.535059,10.165501,0.0,5.0932,28.0,false,true,5.0,3.0,false,0.0,false,349,8.81359,1.7304621848739494,290.0,5.71,12842.6,458.664286,1.522085,2.001867,12.908113,0.0,5.5173,28.0,true,243,12.842600000000001,2.327696518224494,1.0,4029.01,143.893215,0.12881799999999988,0.4668079999999999,2.7426119999999994,0.0,0.42409999999999926,0.0,0.5972343333505445
3.0,4.51,3036.67,104.712759,1.12701,0.500613,4.022039,0.0,5.8079,29.0,true,true,5.0,3.0,false,0.0,false,460,3.03667,0.522851633120405,291.0,4.94,7438.63,256.504483,1.280683,1.166884,8.21615,0.0,6.0008,29.0,true,380,7.43863,1.2396063858152246,0.4300000000000006,4401.96,151.791724,0.15367299999999995,0.6662710000000001,4.194111,0.0,0.19289999999999985,0.0,0.7167547526948197
4.0,18.53,2226.44,49.476444,1.056105,0.118623,0.922256,0.0,15.5122,45.0,false,false,10.0,3.0,false,0.0,false,485,2.22644,0.1435283196451825,292.0,10.55,-706.22,-15.693778,0.986328,-0.028302,-0.215055,0.0,20.0837,45.0,true,526,-0.7062200000000001,-0.035163839332393934,-7.98,-2932.66,-65.170222,-0.06977700000000009,-0.146925,-1.137311,0.0,4.5715,0.0,-0.17869215897757645
5.0,47.86,19350.14,420.655217,1.525964,1.590486,7.449567,0.0,9.8846,46.0,true,false,10.0,3.0,false,0.0,false,115,19.35014,1.9576047589179126,293.0,44.44,23088.37,501.921087,1.527533,1.327181,7.281515,0.0,13.6535,46.0,true,78,23.08837,1.6910220822499726,-3.4200000000000017,3738.2299999999996,81.26587,0.0015689999999999316,-0.2633050000000001,-0.1680520000000003,0.0,3.7688999999999986,0.0,-0.26658267666794
6.0,4.45,8950.2,319.65,1.40357,1.227506,4.737249,0.0,6.2726,28.0,false,true,10.0,3.0,false,0.0,false,345,8.9502,1.426872429295667,294.0,4.44,10464.39,373.728214,1.412316,1.187403,4.659593,0.0,7.3885,28.0,true,301,10.46439,1.416307775597212,-0.009999999999999787,1514.1899999999987,54.078214,0.00874599999999992,-0.040103,-0.07765600000000017,0.0,1.1159,0.0,-0.01056465369845494
7.0,5.03,8317.4,286.806897,1.366394,0.939361,4.719331,0.0,7.5911,29.0,true,true,10.0,3.0,false,0.0,false,360,8.3174,1.0956778332520978,295.0,5.2,10917.38,376.461379,1.418,0.972555,5.047658,0.0,9.4352,29.0,true,288,10.917379999999998,1.1570904697303712,0.16999999999999993,2599.9799999999996,89.65448200000003,0.05160599999999982,0.033193999999999946,0.3283269999999998,0.0,1.8441,0.0,0.06141263647827344
8.0,34.31,12281.99,279.136136,1.345483,1.046294,2.975874,0.0,9.6919,44.0,false,false,15.0,3.0,false,0.0,false,264,12.28199,1.2672427490997638,296.0,32.82,15022.41,341.418409,1.346698,0.882256,2.743166,0.0,13.6706,44.0,true,183,15.02241,1.0988844673971883,-1.490000000000002,2740.42,62.282272999999975,0.001214999999999966,-0.16403800000000002,-0.23270800000000014,0.0,3.9787,0.0,-0.1683582817025755
9.0,46.4,19387.04,421.457391,1.539255,1.42818,4.654909,0.0,11.0009,46.0,true,false,15.0,3.0,false,0.0,false,112,19.38704,1.7623139924915234,297.0,43.95,26330.76,572.407826,1.583797,1.27101,4.589151,0.0,16.2779,46.0,true,55,26.330759999999998,1.6175772059049385,-2.4499999999999957,6943.7199999999975,150.95043500000003,0.04454199999999986,-0.15717000000000003,-0.06575799999999976,0.0,5.276999999999999,0.0,-0.14473678658658495
10.0,5.95,13616.32,486.297143,1.650101,1.881744,4.132684,0.0,6.0039,28.0,false,true,15.0,3.0,false,0.0,false,230,13.616319999999998,2.267912523526374,298.0,6.33,16660.04,595.001429,1.721462,2.088078,4.331254,0.0,6.5004,28.0,true,147,16.660040000000002,2.562925358439481,0.3799999999999999,3043.720000000001,108.70428600000002,0.07136100000000001,0.2063339999999998,0.19857000000000014,0.0,0.49650000000000016,0.0,0.2950128349131069
11.0,5.74,12682.27,437.319655,1.564292,0.936665,4.502853,0.0,10.727,29.0,true,true,15.0,3.0,false,0.0,false,250,12.68227,1.1822755663279576,299.0,4.98,12675.11,437.072759,1.439704,0.660112,3.429261,0.0,14.9719,29.0,true,253,12.67511,0.8465932847534381,-0.7599999999999998,-7.1599999999998545,-0.24689599999999245,-0.12458799999999992,-0.27655299999999994,-1.073592,0.0,4.2448999999999995,0.0,-0.3356822815745195
12.0,21.72,4539.46,98.683913,1.123821,0.282667,1.066696,0.0,13.9899,46.0,false,false,20.0,3.0,false,0.0,false,438,4.53946,0.32448123288944164,300.0,8.51,6095.63,132.513696,1.11604,0.211043,0.863505,0.0,24.3925,46.0,true,409,6.09563,0.24989771446141235,-13.209999999999999,1556.17,33.829783000000006,-0.007781000000000038,-0.071624,-0.20319100000000012,0.0,10.402599999999998,0.0,-0.0745835184280293
13.0,58.45,24335.36,517.773617,1.713122,1.893153,5.258095,0.0,10.6427,47.0,true,false,20.0,3.0,false,0.0,false,66,24.33536,2.286577654166706,301.0,53.19,32815.53,698.202766,1.758859,1.612668,5.106813,0.0,16.0635,47.0,true,35,32.815529999999995,2.04286301241946,-5.260000000000005,8480.169999999998,180.42914900000005,0.04573699999999992,-0.2804850000000001,-0.15128200000000014,0.0,5.420800000000002,0.0,-0.24371464174724622
14.0,4.04,8134.9,290.532143,1.380383,0.749608,2.431161,0.0,9.3813,28.0,false,true,20.0,3.0,false,0.0,false,363,8.134899999999998,0.867139948621193,302.0,3.9,9865.01,352.321786,1.380234,0.637265,2.311581,0.0,13.1529,28.0,true,309,9.86501,0.750025469668286,-0.14000000000000012,1730.1100000000006,61.789642999999955,-0.00014899999999995472,-0.11234300000000008,-0.11958000000000002,0.0,3.771600000000001,0.0,-0.11711447895290705
15.0,5.22,9591.14,330.728966,1.449659,0.81303,3.066259,0.0,10.1119,29.0,true,true,20.0,3.0,false,0.0,false,316,9.59114,0.9485002818461415,303.0,4.91,10902.44,375.946207,1.42147,0.647876,2.844518,0.0,14.1745,29.0,true,291,10.90244,0.7691587004832622,-0.3099999999999996,1311.300000000001,45.217241,-0.02818900000000002,-0.16515400000000002,-0.2217410000000002,0.0,4.0626,0.0,-0.17934158136287937
16.0,19.46,1278.26,27.788261,1.028134,0.071606,0.871717,0.0,14.9848,46.0,false,false,5.0,4.0,false,0.0,false,498,1.27826,0.0853037744914847,304.0,19.53,2467.12,53.633043,1.042061,0.110397,1.255313,0.0,17.9047,46.0,true,478,2.4671199999999995,0.13779175300340132,0.07000000000000028,1188.86,25.844782000000002,0.0139269999999998,0.03879099999999999,0.38359599999999994,0.0,2.9198999999999984,0.0,0.052487978511916625
17.0,36.49,5241.32,109.194167,1.118526,0.383064,2.892632,0.0,12.1173,48.0,true,false,5.0,4.0,false,0.0,false,427,5.24132,0.4325485050299984,305.0,37.58,14902.27,323.962391,1.293723,1.115733,6.577281,0.0,11.4972,46.0,true,187,14.902270000000001,1.2961651532547056,1.0899999999999963,9660.95,214.76822400000003,0.17519700000000005,0.732669,3.6846490000000003,0.0,-0.6201000000000008,-2.0,0.8636166482247072
18.0,5.27,13856.01,494.8575,1.560817,1.562517,11.27551,0.0,7.2258,28.0,false,true,5.0,4.0,false,0.0,false,216,13.85601,1.9175745246201112,306.0,5.46,17430.63,622.5225,1.613789,1.596875,12.286996,0.0,8.5047,28.0,true,136,17.43063,2.049529083918304,0.1900000000000004,3574.620000000001,127.66500000000002,0.05297200000000002,0.03435800000000011,1.0114859999999997,0.0,1.2789000000000001,0.0,0.13195455929819278
19.0,2.89,1316.43,45.394138,1.049211,0.137184,1.037448,0.0,8.8412,29.0,true,true,5.0,4.0,false,0.0,false,495,1.31643,0.1488972085237298,307.0,4.46,5465.2,188.455172,1.170808,0.410119,3.303618,0.0,11.8888,29.0,true,423,5.4652,0.45969315658434834,1.5699999999999998,4148.7699999999995,143.061034,0.12159700000000018,0.27293500000000004,2.2661700000000002,0.0,3.047599999999999,0.0,0.3107959480606185
20.0,14.51,2987.15,64.938043,1.066864,0.122295,0.773316,0.0,19.1706,46.0,false,false,10.0,4.0,false,0.0,false,465,2.98715,0.1558193275119193,308.0,3.67,-5747.12,-124.937391,0.912505,-0.149075,-1.030457,0.0,29.029,46.0,true,566,-5.74712,-0.19797857315098694,-10.84,-8734.27,-189.87543399999998,-0.15435900000000002,-0.27137,-1.803773,0.0,9.8584,0.0,-0.35379790066290623
21.0,44.28,18417.92,383.706667,1.444399,1.16129,4.560795,0.0,13.1953,48.0,true,false,10.0,4.0,false,0.0,false,125,18.41792,1.395793956939213,309.0,20.93,12256.51,266.44587,1.220884,0.403852,2.302614,0.0,24.2089,46.0,true,267,12.25651,0.5062811610606017,-23.35,-6161.409999999998,-117.26079699999997,-0.2235149999999999,-0.757438,-2.2581809999999995,0.0,11.0136,-2.0,-0.8895127958786113
22.0,4.82,13667.81,488.136071,1.555259,1.085075,4.318416,0.0,9.9761,28.0,false,true,10.0,4.0,false,0.0,false,223,13.66781,1.3700554324836358,310.0,4.42,14402.48,514.374286,1.479672,0.854486,3.702693,0.0,12.8413,28.0,true,197,14.40248,1.121574918427262,-0.40000000000000036,734.6700000000001,26.23821499999997,-0.07558699999999985,-0.23058900000000004,-0.615723,0.0,2.8651999999999997,0.0,-0.24848051405637372
23.0,4.57,7697.59,265.434138,1.29993,0.454006,3.031028,0.0,13.6865,29.0,true,true,10.0,4.0,false,0.0,false,371,7.69759,0.5624220947649143,311.0,3.68,9375.7,323.3,1.275514,0.381031,2.42667,0.0,19.328,29.0,true,325,9.3757,0.4850838162251656,-0.8900000000000001,1678.1100000000006,57.86586199999999,-0.024415999999999993,-0.07297500000000001,-0.604358,0.0,5.641499999999999,0.0,-0.07733827853974873
24.0,28.11,8713.04,189.413913,1.215449,0.508449,1.666763,0.0,14.2761,46.0,false,false,15.0,4.0,false,0.0,false,354,8.713040000000001,0.6103235477476343,312.0,16.3,16327.77,354.951522,1.270707,0.478756,1.726885,0.0,26.9155,46.0,true,158,16.32777,0.6066307517972915,-11.809999999999999,7614.73,165.537609,0.05525800000000003,-0.029693000000000025,0.06012200000000001,0.0,12.639400000000002,0.0,-0.0036927959503427754
25.0,67.15,36512.02,760.667083,1.8745,2.462775,6.130891,0.0,11.0057,48.0,true,false,15.0,4.0,false,0.0,false,29,36.51201999999999,3.3175554485403014,313.0,64.28,54710.28,1139.7975,2.003764,2.322021,6.363156,0.0,16.2774,48.0,true,8,54.71028,3.3611190976445866,-2.8700000000000045,18198.260000000002,379.13041699999985,0.12926399999999982,-0.14075400000000027,0.23226499999999994,0.0,5.271700000000001,0.0,0.04356364910428523
26.0,4.95,14117.79,504.206786,1.58622,1.153258,3.461664,0.0,9.7984,28.0,false,true,15.0,4.0,false,0.0,false,209,14.11779,1.4408260532331807,314.0,4.73,17084.25,610.151786,1.578219,0.967487,3.27344,0.0,13.8013,28.0,true,141,17.08425,1.2378725192554325,-0.21999999999999975,2966.459999999999,105.945,-0.008000999999999925,-0.1857709999999999,-0.18822399999999995,0.0,4.002899999999999,0.0,-0.20295353397774818
27.0,5.54,12957.97,446.826552,1.51336,0.976712,3.455787,0.0,10.5779,29.0,true,true,15.0,4.0,false,0.0,false,239,12.95797,1.2250040178107187,315.0,5.14,15558.3,536.493103,1.482781,0.796468,3.2264,0.0,15.146,29.0,true,175,15.5583,1.0272217087019675,-0.40000000000000036,2600.33,89.66655100000003,-0.030579000000000134,-0.18024400000000007,-0.229387,0.0,4.568100000000001,0.0,-0.19778230910875116
28.0,21.38,5528.33,117.624043,1.137017,0.338597,0.897136,0.0,14.419,47.0,false,false,20.0,4.0,false,0.0,false,419,5.52833,0.3834059227408281,316.0,10.81,11362.38,241.752766,1.197666,0.388651,1.097683,0.0,24.877,47.0,true,277,11.36238,0.45674237247256505,-10.569999999999999,5834.049999999999,124.12872300000001,0.06064899999999995,0.05005400000000004,0.20054699999999992,0.0,10.457999999999998,0.0,0.07333644973173697
29.0,68.65,37583.16,782.9825,1.99383,2.789275,4.946986,0.0,10.6433,48.0,true,false,20.0,4.0,false,0.0,false,26,37.58316000000001,3.531156690124304,317.0,64.98,51434.72,1071.556667,2.058386,2.390431,4.848382,0.0,16.0634,48.0,true,11,51.43472,3.201982145747475,-3.6700000000000017,13851.559999999998,288.5741670000001,0.06455600000000006,-0.398844,-0.09860399999999991,0.0,5.4201000000000015,0.0,-0.329174544376829
30.0,2.82,6049.31,216.046786,1.254507,0.545067,1.301248,0.0,9.8277,28.0,false,true,20.0,4.0,false,0.0,false,412,6.04931,0.6155366972943822,318.0,3.1,9090.18,324.649286,1.316369,0.57817,1.536977,0.0,13.646,28.0,true,335,9.09018,0.6661424593287409,0.28000000000000025,3040.87,108.60250000000002,0.06186199999999986,0.033102999999999994,0.23572900000000008,0.0,3.8183000000000007,0.0,0.05060576203435874
31.0,6.07,14254.24,491.525517,1.619164,1.218524,3.03959,0.0,9.8372,29.0,true,true,20.0,4.0,false,0.0,false,203,14.25424,1.449013947058106,319.0,5.79,17002.33,586.287241,1.610717,1.0172,3.006208,0.0,13.8088,29.0,true,144,17.00233,1.2312677423092522,-0.28000000000000025,2748.090000000002,94.76172400000002,-0.008447000000000093,-0.20132399999999984,-0.03338200000000002,0.0,3.9716000000000005,0.0,-0.21774620474885387
32.0,35.22,12375.47,269.031957,1.253389,0.71336,7.307008,0.0,13.3731,46.0,false,false,5.0,5.0,false,0.0,false,260,12.37547,0.9254002437729472,320.0,34.76,20325.6,451.68,1.333448,0.976554,9.066454,0.0,14.7469,45.0,true,99,20.325599999999998,1.378296455526246,-0.46000000000000085,7950.129999999999,182.64804300000003,0.08005899999999988,0.26319400000000004,1.7594460000000005,0.0,1.3737999999999992,-1.0,0.45289621175329886
33.0,43.37,16647.68,346.826667,1.356551,1.297115,5.658268,0.0,10.7858,48.0,true,false,5.0,5.0,false,0.0,false,150,16.64768,1.5434812438576648,321.0,47.62,25070.77,557.128222,1.467794,1.94,6.483544,0.0,10.9989,45.0,true,63,25.070769999999996,2.279388847975706,4.25,8423.09,210.30155500000006,0.11124299999999998,0.6428849999999999,0.8252760000000006,0.0,0.21310000000000073,-3.0,0.7359076041180412
34.0,6.78,24011.78,857.563571,1.919622,2.486072,16.776229,0.0,7.2256,28.0,false,true,5.0,5.0,false,0.0,false,69,24.011779999999998,3.323153786536758,322.0,6.78,29661.26,1059.330714,1.97845,2.461252,17.830096,0.0,8.504,28.0,true,44,29.66126,3.4879186265286926,0.0,5649.48,201.76714299999992,0.0588280000000001,-0.024820000000000064,1.0538670000000003,0.0,1.2783999999999995,0.0,0.1647648399919346
35.0,4.7,7470.53,257.604483,1.269613,0.745906,3.320338,0.0,8.8427,29.0,true,true,5.0,5.0,false,0.0,false,376,7.47053,0.8448245445395637,323.0,5.16,13980.27,482.078276,1.417803,0.995404,4.702009,0.0,11.8889,29.0,true,213,13.98027,1.1759094617668582,0.45999999999999996,6509.740000000001,224.473793,0.14818999999999982,0.249498,1.3816710000000003,0.0,3.046199999999999,0.0,0.3310849172272945
36.0,6.17,-7122.0,-148.375,0.851569,-0.241731,-1.490071,0.0,24.0824,48.0,false,false,10.0,5.0,false,0.0,false,572,-7.122000000000001,-0.2957346443876026,324.0,3.34,-48453.75,-1009.453125,0.517524,-0.614249,-5.0,0.0,60.4795,48.0,true,577,-48.45375,-0.8011598971552344,-2.83,-41331.75,-861.078125,-0.33404500000000004,-0.372518,-3.509929,0.0,36.3971,0.0,-0.5054252527676317
37.0,44.01,17510.15,357.35,1.384638,1.1662,3.365189,0.0,12.4635,49.0,true,false,10.0,5.0,false,0.0,false,133,17.510150000000003,1.4049143499017132,325.0,23.98,16503.24,343.8175,1.256233,0.57181,2.061884,0.0,22.4058,48.0,true,154,16.50324,0.7365610690089174,-20.029999999999998,-1006.9099999999999,-13.532500000000027,-0.1284050000000001,-0.5943899999999999,-1.303305,0.0,9.9423,-1.0,-0.6683532808927958
38.0,3.75,9379.14,334.969286,1.340218,0.536258,2.285472,0.0,13.7858,28.0,false,true,10.0,5.0,false,0.0,false,322,9.37914,0.6803478942099842,326.0,0.85,1871.72,66.847143,1.045832,0.061959,0.332872,0.0,22.8716,28.0,true,489,1.87172,0.08183598873712376,-2.9,-7507.419999999999,-268.122143,-0.2943859999999998,-0.474299,-1.9526,0.0,9.0858,0.0,-0.5985119054728605
39.0,4.7,9273.48,319.775172,1.343763,0.544264,3.143104,0.0,13.6886,29.0,true,true,10.0,5.0,false,0.0,false,329,9.27348,0.6774600762678433,327.0,4.11,13812.77,476.302414,1.384759,0.552477,3.12806,0.0,19.3277,29.0,true,220,13.812769999999999,0.7146618583690765,-0.5899999999999999,4539.290000000001,156.527242,0.04099600000000003,0.008213000000000026,-0.015044000000000057,0.0,5.639100000000001,0.0,0.03720178210123315
40.0,31.3,13653.67,296.818913,1.316376,0.747643,1.860902,0.0,14.852,46.0,false,false,15.0,5.0,false,0.0,false,226,13.653670000000002,0.9193152437382172,328.0,22.06,27383.05,595.283696,1.422443,0.758599,2.014021,0.0,27.4651,46.0,true,49,27.383049999999997,0.997012572319052,-9.240000000000002,13729.38,298.46478299999995,0.10606699999999991,0.010956000000000077,0.153119,0.0,12.6131,0.0,0.07769732858083489
41.0,71.17,47651.72,972.484082,2.028861,3.104579,5.515782,0.0,11.0013,49.0,true,false,15.0,5.0,false,0.0,false,14,47.651720000000005,4.331462645323735,329.0,68.62,77369.99,1578.979388,2.191777,3.062975,5.676085,0.0,16.278,49.0,true,4,77.36999000000002,4.75304029979113,-2.549999999999997,29718.270000000004,606.495306,0.16291600000000006,-0.04160400000000042,0.16030299999999986,0.0,5.276699999999998,0.0,0.42157765446739504
42.0,5.02,16184.2,578.007143,1.61865,1.225278,2.71432,0.0,10.4126,28.0,false,true,15.0,5.0,false,0.0,false,164,16.1842,1.5542899948139755,330.0,4.9,20885.26,745.902143,1.651685,1.105274,2.709685,0.0,14.4716,28.0,true,86,20.88526,1.4431894192763757,-0.11999999999999922,4701.059999999998,167.89499999999998,0.03303500000000015,-0.120004,-0.004634999999999945,0.0,4.059000000000001,0.0,-0.11110057553759978
43.0,5.62,15266.84,526.442759,1.560212,0.94457,2.911481,0.0,12.4791,29.0,true,true,15.0,5.0,false,0.0,false,179,15.26684,1.223392712615493,331.0,5.33,20075.27,692.25069,1.567259,0.906314,2.954149,0.0,16.5974,29.0,true,102,20.07527,1.2095430609613553,-0.29000000000000004,4808.43,165.80793099999994,0.0070470000000000255,-0.03825600000000007,0.04266799999999993,0.0,4.1183,0.0,-0.013849651654137762
44.0,22.49,8972.68,186.930833,1.205042,0.417065,1.300727,0.0,18.099,48.0,false,false,20.0,5.0,false,0.0,false,341,8.97268,0.4957555666058898,332.0,17.2,19666.2,409.7125,1.306332,0.570322,1.643205,0.0,27.8564,48.0,true,108,19.6662,0.7059849801122902,-5.289999999999999,10693.52,222.78166699999997,0.1012900000000001,0.15325699999999998,0.34247800000000006,0.0,9.7574,0.0,0.21022941350640034
45.0,40.26,23963.89,489.05898,1.534025,1.019827,2.142972,0.0,18.5317,49.0,true,false,20.0,5.0,false,0.0,false,72,23.96389,1.2931296103433576,333.0,29.98,38391.79,783.505918,1.575419,0.880923,2.105382,0.0,32.052,49.0,true,23,38.39179,1.1977970173468115,-10.279999999999998,14427.900000000001,294.44693799999993,0.04139399999999993,-0.13890400000000003,-0.03758999999999979,0.0,13.520299999999999,0.0,-0.09533259299654606
46.0,2.75,6544.0,233.714286,1.257434,0.479696,1.263584,0.0,11.861,28.0,false,true,20.0,5.0,false,0.0,false,399,6.544,0.5517241379310344,334.0,3.24,11292.75,403.3125,1.361094,0.630352,1.653488,0.0,15.2403,28.0,true,282,11.29275,0.7409795082773961,0.4900000000000002,4748.75,169.598214,0.10366000000000009,0.150656,0.38990400000000003,0.0,3.379299999999999,0.0,0.18925537034636175
47.0,6.0,16238.24,559.93931,1.65049,1.169648,2.493392,0.0,11.3971,29.0,true,true,20.0,5.0,false,0.0,false,161,16.23824,1.424769458897439,335.0,5.9,20778.93,716.514828,1.676177,1.119001,2.623266,0.0,14.9593,29.0,true,90,20.778930000000003,1.389030903852453,-0.09999999999999964,4540.6900000000005,156.575518,0.025687000000000015,-0.05064700000000011,0.12987400000000004,0.0,3.5622000000000007,0.0,-0.0357385550449858
48.0,24.5,-478.21,-10.174681,0.984476,-0.050522,-0.626712,0.0,8.82,47.0,false,false,5.0,3.0,true,5.0,false,520,-0.47821,-0.05421882086167801,336.0,40.65,2978.87,63.380213,1.083567,0.288148,3.178811,0.0,9.5435,47.0,true,466,2.9788699999999997,0.31213600880180226,16.15,3457.08,73.55489399999999,0.09909099999999993,0.33867,3.805523,0.0,0.7234999999999996,0.0,0.36635482966348026
49.0,24.46,-2341.67,-45.032115,0.918673,-0.219954,-3.149938,0.0,10.0948,52.0,true,false,5.0,3.0,true,5.0,false,536,-2.34167,-0.23196794389190478,337.0,41.9,2020.97,40.4194,1.064305,0.189165,2.375581,0.0,9.9885,50.0,true,486,2.02097,0.20232967913100067,17.439999999999998,4362.64,85.451515,0.1456320000000001,0.409119,5.525519,0.0,-0.10629999999999917,-2.0,0.4342976230229054
50.0,5.61,6255.63,223.415357,1.41351,1.018696,11.750137,0.0,5.7097,28.0,false,true,5.0,3.0,true,5.0,false,403,6.255629999999999,1.095614480620698,338.0,5.97,8417.59,300.628214,1.499619,1.172976,14.101484,0.0,6.5795,28.0,true,357,8.41759,1.279366213238088,0.35999999999999943,2161.96,77.21285700000001,0.08610899999999999,0.15427999999999997,2.3513469999999987,0.0,0.8698000000000006,0.0,0.18375173261739008
51.0,2.4,-4468.88,-154.09931,0.722229,-0.396071,-5.0,0.0,10.9163,29.0,true,true,5.0,3.0,true,5.0,false,553,-4.46888,-0.40937680349569,339.0,2.14,-5600.04,-193.104828,0.73338,-0.342425,-5.0,0.0,15.752,29.0,true,562,-5.60004,-0.3555129507364144,-0.2599999999999998,-1131.1599999999999,-39.005517999999995,0.011151000000000022,0.05364600000000003,0.0,0.0,4.835700000000001,0.0,0.05386385275927558
52.0,56.69,7977.12,169.725957,1.471466,1.10105,7.382682,0.0,6.3294,47.0,false,false,10.0,3.0,true,5.0,false,364,7.97712,1.2603279931747087,340.0,59.37,9670.48,205.754894,1.515004,1.300292,7.743807,0.0,6.4067,47.0,true,312,9.67048,1.5094323130472787,2.6799999999999997,1693.3599999999997,36.02893700000001,0.04353800000000008,0.19924199999999992,0.36112500000000036,0.0,0.07730000000000015,0.0,0.24910431987256998
53.0,73.14,10741.66,210.620784,1.6162,1.569773,8.767489,0.0,6.0599,51.0,true,false,10.0,3.0,true,5.0,false,293,10.74166,1.7725804056172543,341.0,77.25,13351.12,261.786667,1.700197,1.717402,9.670478,0.0,6.7792,51.0,true,234,13.35112,1.969424120840217,4.109999999999999,2609.460000000001,51.165883000000036,0.08399699999999988,0.147629,0.9029889999999998,0.0,0.7193000000000005,0.0,0.19684371522296273
54.0,8.31,12796.95,457.033929,2.465738,3.548567,15.817783,0.0,3.3861,28.0,false,true,10.0,3.0,true,5.0,false,245,12.79695,3.7792593248870383,342.0,8.31,14669.59,523.913929,2.578548,3.608844,16.66989,0.0,3.7979,28.0,true,193,14.66959,3.8625529898101583,0.0,1872.6399999999994,66.88000000000005,0.11281000000000008,0.060277000000000136,0.8521069999999984,0.0,0.41179999999999994,0.0,0.08329366492311996
55.0,6.1,2529.36,87.21931,1.275421,0.418773,3.423672,0.0,5.749,29.0,true,true,10.0,3.0,true,5.0,false,474,2.5293600000000005,0.4399652113411029,343.0,6.21,3259.16,112.384828,1.321926,0.452607,4.027424,0.0,6.837,29.0,true,456,3.2591599999999996,0.4766944566330261,0.11000000000000032,729.7999999999997,25.165518000000006,0.04650500000000002,0.033833999999999975,0.6037520000000001,0.0,1.088,0.0,0.03672924529192323
56.0,52.86,3398.44,67.9688,1.298169,0.48469,2.160638,0.0,6.3997,50.0,false,false,15.0,3.0,true,5.0,false,454,3.39844,0.5310311420847852,344.0,56.89,4740.54,94.8108,1.382704,0.627768,2.669634,0.0,6.832,50.0,true,434,4.74054,0.6938729508196722,4.030000000000001,1342.1,26.842,0.08453500000000003,0.14307799999999998,0.5089959999999998,0.0,0.4322999999999997,0.0,0.16284180873488696
57.0,84.92,9255.97,171.406852,1.747732,1.925014,6.424114,0.0,4.2942,54.0,true,false,15.0,3.0,true,5.0,false,330,9.25597,2.1554585254529366,345.0,90.32,11362.73,210.420926,1.867846,2.296814,7.244797,0.0,4.3721,54.0,true,274,11.36273,2.598918140024245,5.3999999999999915,2106.76,39.01407400000002,0.12011399999999983,0.3717999999999999,0.8206829999999998,0.0,0.07789999999999964,0.0,0.44345961457130834
58.0,6.99,6608.79,236.028214,2.242132,1.334799,5.560276,0.0,4.458,28.0,false,true,15.0,3.0,true,5.0,false,396,6.608790000000001,1.482456258411844,346.0,7.12,7417.19,264.899643,2.352737,1.462247,5.909416,0.0,4.5315,28.0,true,381,7.41719,1.6368067968663795,0.1299999999999999,808.3999999999996,28.871429000000035,0.11060500000000006,0.127448,0.34914000000000023,0.0,0.07350000000000012,0.0,0.1543505384545356
59.0,2.92,-4791.1,-165.210345,0.366529,-0.681148,-5.0,0.0,6.8907,29.0,true,true,15.0,3.0,true,5.0,false,558,-4.7911,-0.6952994615931618,347.0,2.91,-6015.3,-207.424138,0.336155,-0.713777,-5.0,0.0,8.2501,29.0,true,567,-6.015300000000001,-0.7291184349280616,-0.009999999999999787,-1224.1999999999998,-42.21379300000001,-0.030374000000000012,-0.03262900000000002,0.0,0.0,1.3594,0.0,-0.033818973334899805
60.0,62.3,4966.47,99.3294,1.500191,0.957427,3.680129,0.0,5.1063,50.0,false,false,20.0,3.0,true,5.0,false,430,4.96647,0.9726161800129253,348.0,65.99,6242.7,124.854,1.587049,1.108113,4.167348,0.0,5.5456,50.0,true,404,6.242699999999999,1.125703260242354,3.6899999999999977,1276.2299999999996,25.524599999999992,0.08685799999999988,0.15068599999999988,0.4872189999999996,0.0,0.43930000000000025,0.0,0.15308708022942874
61.0,89.48,11508.44,217.140377,2.140818,2.224464,7.4111,0.0,4.831,53.0,true,false,20.0,3.0,true,5.0,false,273,11.50844,2.3822065824880974,349.0,91.22,13211.45,249.272642,2.273074,2.473911,7.989968,0.0,4.9704,53.0,true,235,13.21145,2.6580255110252695,1.7399999999999949,1703.0100000000002,32.13226499999999,0.13225599999999993,0.24944699999999997,0.5788679999999999,0.0,0.1393999999999993,0.0,0.27581892853717216
62.0,7.73,7944.53,283.733214,2.9796,1.938494,7.643112,0.0,4.0335,28.0,false,true,20.0,3.0,true,5.0,false,365,7.944529999999999,1.9696367918681044,350.0,7.86,8800.01,314.286071,3.131217,2.059836,8.100463,0.0,4.2046,28.0,true,350,8.80001,2.092948199590924,0.1299999999999999,855.4800000000005,30.552857000000017,0.1516169999999999,0.12134199999999984,0.4573509999999992,0.0,0.17110000000000003,0.0,0.12331140772281968
63.0,3.48,-484.09,-16.692759,0.921682,-0.097965,-0.666208,0.0,4.8486,29.0,true,true,20.0,3.0,true,5.0,false,521,-0.48408999999999996,-0.09984119127170729,351.0,3.56,173.53,5.983793,1.025697,0.030126,0.202502,0.0,5.6367,29.0,true,507,0.17353,0.030785743431440377,0.08000000000000007,657.62,22.676552,0.10401500000000008,0.128091,0.86871,0.0,0.7881,0.0,0.13062693470314768
64.0,41.87,5235.12,109.065,1.160525,0.548222,5.282783,0.0,8.3193,48.0,false,false,5.0,4.0,true,5.0,false,428,5.23512,0.6292740975803253,352.0,43.4,9684.65,201.763542,1.250357,0.898438,7.501985,0.0,9.5436,48.0,true,311,9.68465,1.014779538119787,1.5300000000000011,4449.53,92.698542,0.08983199999999991,0.35021599999999997,2.219202,0.0,1.2242999999999995,0.0,0.3855054405394618
65.0,22.98,-1285.66,-25.20902,0.956379,-0.098922,-1.330471,0.0,11.9316,51.0,true,false,5.0,4.0,true,5.0,false,529,-1.28566,-0.10775252271279628,353.0,41.7,4477.64,89.5528,1.133289,0.365342,3.672761,0.0,10.9925,50.0,true,441,4.47764,0.40733591084830567,18.720000000000002,5763.3,114.76182,0.17691,0.464264,5.003232,0.0,-0.9390999999999998,-1.0,0.5150884335611019
66.0,6.51,9298.94,332.105,1.597397,1.442732,13.085647,0.0,5.71,28.0,false,true,5.0,4.0,true,5.0,false,326,9.29894,1.628535901926445,354.0,7.1,12786.36,456.655714,1.733767,1.685563,15.394131,0.0,6.58,28.0,true,246,12.78636,1.9432158054711246,0.5899999999999999,3487.42,124.55071399999997,0.1363700000000001,0.24283100000000002,2.308484,0.0,0.8700000000000001,0.0,0.3146799035446797
67.0,2.36,-4727.26,-163.008966,0.714352,-0.410949,-5.0,0.0,10.9161,29.0,true,true,5.0,4.0,true,5.0,false,557,-4.72726,-0.43305392951695204,355.0,2.11,-5135.63,-177.09069,0.763962,-0.307404,-5.0,0.0,15.7524,29.0,true,560,-5.13563,-0.3260220664787588,-0.25,-408.3699999999999,-14.081724000000008,0.04961000000000004,0.103545,0.0,0.0,4.8363,0.0,0.10703186303819323
68.0,27.42,-2896.54,-57.9308,0.843916,-0.207072,-1.599383,0.0,12.6691,50.0,false,false,10.0,4.0,true,5.0,false,540,-2.89654,-0.2286302894443962,356.0,25.42,-3728.8,-74.576,0.838096,-0.207311,-1.698276,0.0,15.9256,50.0,true,545,-3.7288,-0.23413874516501734,-2.0,-832.2600000000002,-16.645199999999996,-0.005820000000000047,-0.00023899999999998922,-0.0988929999999999,0.0,3.256499999999999,0.0,-0.0055084557206211415
69.0,38.39,1462.13,27.076481,1.081143,0.174096,0.854941,0.0,7.8909,54.0,true,false,10.0,4.0,true,5.0,false,491,1.46213,0.18529318582164264,357.0,52.07,4590.8,85.014815,1.219989,0.419419,2.064042,0.0,10.0655,54.0,true,435,4.590800000000001,0.4560925935124932,13.68,3128.67,57.938334,0.13884600000000002,0.24532299999999999,1.2091010000000002,0.0,2.1746,0.0,0.27079940769085054
70.0,6.63,7071.35,252.548214,1.795013,1.019671,5.041024,0.0,6.1232,28.0,false,true,10.0,4.0,true,5.0,false,388,7.07135,1.1548455056179776,358.0,6.88,9149.87,326.781071,1.960946,1.270909,5.977252,0.0,6.2329,28.0,true,332,9.14987,1.4679956360602608,0.25,2078.5200000000004,74.232857,0.1659330000000001,0.2512380000000001,0.9362279999999998,0.0,0.10970000000000013,0.0,0.31315013044228324
71.0,2.55,-5619.05,-193.760345,0.393617,-0.625637,-5.0,0.0,8.7098,29.0,true,true,10.0,4.0,true,5.0,false,563,-5.6190500000000005,-0.6451411054214794,359.0,2.52,-7725.4,-266.393103,0.341928,-0.680983,-5.0,0.0,10.9934,29.0,true,573,-7.7254000000000005,-0.702730729346699,-0.029999999999999805,-2106.3499999999995,-72.632758,-0.051688999999999985,-0.055346000000000006,0.0,0.0,2.2836,0.0,-0.0575896239252196
72.0,69.61,8455.36,169.1072,1.721975,1.161235,4.823915,0.0,6.3979,50.0,false,false,15.0,4.0,true,5.0,false,356,8.45536,1.3215836446333955,360.0,72.5,10633.23,212.6646,1.832581,1.350173,5.342751,0.0,6.832,50.0,true,298,10.63323,1.5563861241217798,2.8900000000000006,2177.869999999999,43.5574,0.11060599999999998,0.18893800000000005,0.5188359999999994,0.0,0.43409999999999993,0.0,0.23480247948838429
73.0,82.64,11328.96,209.795556,1.837991,1.710899,5.753692,0.0,6.0291,54.0,true,false,15.0,4.0,true,5.0,false,279,11.328959999999999,1.8790466238742098,361.0,88.41,14228.85,263.497222,1.994511,2.06275,6.636845,0.0,6.2513,54.0,true,204,14.228850000000001,2.276142562347032,5.769999999999996,2899.8900000000012,53.70166600000002,0.15652,0.3518509999999999,0.8831530000000001,0.0,0.22219999999999995,0.0,0.3970959384728223
74.0,7.89,10740.26,383.580714,2.980009,2.088326,7.961458,0.0,4.458,28.0,false,true,15.0,4.0,true,5.0,false,294,10.74026,2.4092104082548227,362.0,8.04,11901.66,425.059286,3.126337,2.252366,8.317772,0.0,4.5314,28.0,true,269,11.90166,2.626486295626076,0.14999999999999947,1161.3999999999996,41.478571999999986,0.146328,0.16403999999999996,0.35631399999999935,0.0,0.07339999999999947,0.0,0.21727588737125325
75.0,2.92,-3871.8,-133.510345,0.492181,-0.560657,-4.468549,0.0,6.7133,29.0,true,true,15.0,4.0,true,5.0,false,547,-3.8718000000000004,-0.5767357335438608,363.0,2.91,-5019.99,-173.103103,0.450963,-0.589437,-4.812002,0.0,8.25,29.0,true,559,-5.01999,-0.6084836363636363,-0.009999999999999787,-1148.1899999999996,-39.592758,-0.04121799999999998,-0.028780000000000028,-0.34345299999999934,0.0,1.5366999999999997,0.0,-0.031747902819775575
76.0,31.95,-3488.67,-67.089808,0.681063,-0.442439,-1.381434,0.0,7.6799,52.0,false,false,20.0,4.0,true,5.0,false,544,-3.48867,-0.45425982109142043,364.0,31.95,-2353.54,-45.260385,0.807921,-0.250162,-0.766359,0.0,9.0288,52.0,true,537,-2.3535399999999997,-0.26067029948608894,0.0,1135.13,21.829423000000006,0.12685800000000003,0.19227700000000003,0.615075,0.0,1.3489000000000004,0.0,0.1935895216053315
77.0,92.88,18862.93,355.90434,2.824783,3.597812,8.20623,0.0,4.8028,53.0,true,false,20.0,4.0,true,5.0,false,119,18.86293,3.9274860498042803,365.0,92.89,20669.11,389.983208,2.918393,3.656231,8.32038,0.0,5.1483,53.0,true,92,20.669110000000003,4.014744672998855,0.010000000000005116,1806.1800000000003,34.078868,0.09360999999999997,0.05841900000000022,0.11415000000000042,0.0,0.3454999999999995,0.0,0.08725862319457489
78.0,3.27,-1010.74,-36.097857,0.788438,-0.163633,-0.541995,0.0,5.9031,28.0,false,true,20.0,4.0,true,5.0,false,528,-1.01074,-0.1712219003574393,366.0,3.28,-503.5,-17.982143,0.900415,-0.0795,-0.241537,0.0,6.0176,28.0,true,522,-0.5035000000000001,-0.08367123105557034,0.009999999999999787,507.24,18.115713999999997,0.111977,0.084133,0.300458,0.0,0.1144999999999996,0.0,0.08755066930186897
79.0,5.16,1473.56,50.812414,1.236083,0.295298,1.889566,0.0,4.8489,29.0,true,true,20.0,4.0,true,5.0,false,490,1.47356,0.3038957289282105,367.0,5.94,2548.9,87.893103,1.373328,0.437934,2.765403,0.0,5.6352,29.0,true,472,2.5489,0.45231757524134014,0.7800000000000002,1075.3400000000001,37.080689,0.13724500000000006,0.14263599999999999,0.875837,0.0,0.7862999999999998,0.0,0.14842184631312966
80.0,41.0,9025.74,188.03625,1.266586,0.665984,7.839963,0.0,11.0562,48.0,false,false,5.0,5.0,true,5.0,false,337,9.02574,0.8163510066749878,368.0,41.68,14332.27,298.588958,1.332429,0.811847,9.03366,0.0,13.8039,48.0,true,199,14.33227,1.0382768637848723,0.6799999999999997,5306.530000000001,110.552708,0.0658430000000001,0.14586299999999996,1.1936969999999993,0.0,2.7477,0.0,0.22192585710988444
81.0,41.91,4382.77,85.936667,1.144084,0.377075,3.009398,0.0,10.3665,51.0,true,false,5.0,5.0,true,5.0,false,444,4.382770000000001,0.4227820382964357,369.0,46.92,12592.15,256.982653,1.362673,1.122275,6.543265,0.0,9.7352,49.0,true,256,12.592149999999998,1.2934659791272904,5.010000000000005,8209.38,171.04598600000003,0.21858899999999992,0.7451999999999999,3.533867,0.0,-0.6312999999999995,-2.0,0.8706839408308548
82.0,7.97,15648.37,558.870357,1.974304,2.315577,18.367794,0.0,5.7103,28.0,false,true,5.0,5.0,true,5.0,false,172,15.64837,2.740376162373255,370.0,8.12,20642.99,737.249643,2.142426,2.577896,20.635706,0.0,6.5798,28.0,true,93,20.64299,3.137327882306453,0.14999999999999947,4994.620000000001,178.37928599999998,0.16812199999999988,0.26231899999999975,2.267911999999999,0.0,0.8694999999999995,0.0,0.396951719933198
83.0,2.36,-2615.06,-90.174483,0.844251,-0.219306,-2.417025,0.0,11.1329,29.0,true,true,5.0,5.0,true,5.0,false,539,-2.61506,-0.23489477135337605,371.0,2.09,-2131.42,-73.497241,0.903603,-0.12344,-1.31865,0.0,15.9977,29.0,true,535,-2.1314200000000003,-0.13323290222969553,-0.27,483.6399999999999,16.677241999999993,0.05935200000000007,0.095866,1.098375,0.0,4.864800000000001,0.0,0.10166186912368053
84.0,28.55,705.81,14.1162,1.037107,0.048658,0.337749,0.0,12.6679,50.0,false,false,10.0,5.0,true,5.0,false,501,0.7058099999999999,0.05571641708570481,372.0,26.35,612.43,12.2486,1.025779,0.032581,0.241707,0.0,15.9252,50.0,true,504,0.6124299999999999,0.03845665988496219,-2.1999999999999993,-93.38,-1.8675999999999995,-0.011328000000000005,-0.016077,-0.09604200000000002,0.0,3.2573000000000008,0.0,-0.017259757200742618
85.0,58.52,6395.15,118.428704,1.346,0.740268,3.569354,0.0,7.8886,54.0,true,false,10.0,5.0,true,5.0,false,401,6.395149999999999,0.8106825038663387,373.0,65.15,11214.62,207.678148,1.520728,0.990226,4.774554,0.0,10.0652,54.0,true,283,11.21462,1.1141974327385447,6.630000000000003,4819.470000000001,89.249444,0.174728,0.249958,1.2052,0.0,2.1766000000000005,0.0,0.303514928872206
86.0,7.18,11045.54,394.483571,2.218072,1.535935,6.522513,0.0,6.1225,28.0,false,true,10.0,5.0,true,5.0,false,284,11.04554,1.8040898325847288,374.0,7.58,13823.44,493.694286,2.420944,1.842023,7.406917,0.0,6.2303,28.0,true,217,13.823440000000002,2.2187438807120046,0.40000000000000036,2777.8999999999996,99.210715,0.20287200000000016,0.3060879999999999,0.884404,0.0,0.10780000000000012,0.0,0.4146540481272758
87.0,2.56,-4708.48,-162.361379,0.49593,-0.535953,-4.301179,0.0,8.4613,29.0,true,true,10.0,5.0,true,5.0,false,555,-4.70848,-0.556472409677,375.0,2.52,-6751.01,-232.793448,0.430249,-0.588806,-4.745109,0.0,10.9945,29.0,true,568,-6.75101,-0.6140351994178908,-0.040000000000000036,-2042.5300000000007,-70.43206900000001,-0.06568099999999999,-0.05285300000000004,-0.44392999999999994,0.0,2.533200000000001,0.0,-0.057562789740890796
88.0,38.02,2389.64,46.855686,1.200388,0.215529,0.812577,0.0,10.01,51.0,false,false,15.0,5.0,true,5.0,false,480,2.38964,0.23872527472527472,376.0,45.43,4746.79,93.074314,1.354007,0.390135,1.343438,0.0,10.8618,51.0,true,433,4.74679,0.43701688486254575,7.409999999999997,2357.15,46.218628,0.15361899999999995,0.174606,0.5308609999999999,0.0,0.8518000000000008,0.0,0.19829161013727103
89.0,92.55,17301.77,320.403148,2.244351,2.579409,6.3742,0.0,5.9929,54.0,true,false,15.0,5.0,true,5.0,false,137,17.30177,2.8870446695256056,377.0,93.24,20626.38,381.97,2.356232,2.839726,6.721088,0.0,6.4416,54.0,true,94,20.62638,3.2020584947839046,0.6899999999999977,3324.6100000000006,61.56685200000004,0.1118809999999999,0.26031700000000013,0.34688799999999986,0.0,0.44870000000000054,0.0,0.315013825258299
90.0,5.31,3642.59,130.0925,1.615552,0.401194,1.47212,0.0,8.0894,28.0,false,true,15.0,5.0,true,5.0,false,453,3.64259,0.4502917398076496,378.0,5.57,4287.27,153.116786,1.682222,0.451997,1.560648,0.0,8.3804,28.0,true,446,4.28727,0.5115829793327288,0.2600000000000007,644.6800000000003,23.02428599999999,0.06667000000000001,0.05080299999999999,0.08852799999999994,0.0,0.29100000000000037,0.0,0.0612912395250792
91.0,2.92,-2945.2,-101.558621,0.616748,-0.422425,-3.242921,0.0,6.7131,29.0,true,true,15.0,5.0,true,5.0,false,542,-2.9452,-0.43872428535251967,379.0,2.91,-4018.16,-138.557241,0.564471,-0.466892,-3.690049,0.0,8.2498,29.0,true,552,-4.01816,-0.4870615045213217,-0.009999999999999787,-1072.96,-36.99862,-0.05227700000000002,-0.04446699999999998,-0.4471280000000002,0.0,1.5367000000000006,0.0,-0.048337219168802015
92.0,32.1,-1632.18,-31.388077,0.85193,-0.20491,-0.633302,0.0,7.6829,52.0,false,false,20.0,5.0,true,5.0,false,531,-1.6321800000000002,-0.21244321805568211,380.0,32.6,130.72,2.513846,1.010564,0.013798,0.04154,0.0,8.9811,52.0,true,509,0.13072,0.014555009965371726,0.5,1762.9,33.901923,0.15863400000000005,0.218708,0.674842,0.0,1.2981999999999996,0.0,0.22699822802105385
93.0,92.52,20681.34,390.213962,2.922894,3.075265,6.141054,0.0,5.9146,53.0,true,false,20.0,5.0,true,5.0,false,91,20.681340000000002,3.496659114733034,381.0,92.49,22864.94,431.413962,3.001306,3.058822,6.169777,0.0,6.5014,53.0,true,80,22.864939999999997,3.516925585258559,-0.030000000000001137,2183.5999999999985,41.200000000000045,0.07841200000000015,-0.016442999999999763,0.028723000000000276,0.0,0.5868000000000002,0.0,0.020266470525525104
94.0,3.31,-49.31,-1.761071,0.989725,-0.007904,-0.026239,0.0,5.9044,28.0,false,true,20.0,5.0,true,5.0,false,511,-0.04931,-0.00835139895671025,382.0,3.41,658.08,23.502857,1.129485,0.102684,0.312908,0.0,6.019,28.0,true,502,0.65808,0.10933377637481309,0.10000000000000009,707.3900000000001,25.263928,0.1397600000000001,0.11058799999999999,0.33914700000000003,0.0,0.11460000000000026,0.0,0.11768517533152334
95.0,6.65,3382.21,116.627931,1.536655,0.671147,3.883212,0.0,4.8502,29.0,true,true,20.0,5.0,true,5.0,false,455,3.38221,0.6973341305513175,383.0,7.22,4867.6,167.848276,1.705235,0.827436,4.676186,0.0,5.6362,29.0,true,431,4.8676,0.8636315247862036,0.5699999999999994,1485.3900000000003,51.220344999999995,0.16857999999999995,0.1562889999999999,0.7929740000000005,0.0,0.7859999999999996,0.0,0.1662973942348861
144.0,17.78,290.01,6.444667,1.007826,0.02035,0.308236,0.0,12.6275,45.0,false,false,5.0,3.0,true,10.0,false,506,0.29001,0.02296654127895466,432.0,31.95,4153.13,92.291778,1.094737,0.274064,3.548692,0.0,13.0954,45.0,true,447,4.15313,0.3171441880354934,14.169999999999998,3863.12,85.847111,0.08691099999999996,0.253714,3.240456,0.0,0.4679000000000002,0.0,0.29417764675653874
145.0,44.66,10268.32,209.557551,1.313506,1.170227,10.057568,0.0,8.1297,49.0,true,false,5.0,3.0,true,10.0,false,304,10.268320000000001,1.2630625976358294,433.0,45.68,14209.96,296.040833,1.375522,1.371098,11.968989,0.0,9.4752,48.0,true,206,14.209959999999999,1.4997002701789937,1.0200000000000031,3941.6399999999994,86.48328200000003,0.06201599999999985,0.20087100000000002,1.9114210000000007,0.0,1.3454999999999995,-1.0,0.23663767254316426
146.0,6.57,12439.94,444.283571,1.643334,2.26424,16.040856,0.0,4.814,28.0,false,true,5.0,3.0,true,10.0,false,257,12.43994,2.5841171582883256,434.0,6.93,15853.43,566.193929,1.752194,2.555369,18.244965,0.0,5.3575,28.0,true,167,15.85343,2.959109659356043,0.35999999999999943,3413.49,121.91035800000003,0.10885999999999996,0.29112899999999975,2.204108999999999,0.0,0.5434999999999999,0.0,0.3749925010677173
147.0,4.5,2292.05,79.036207,1.123864,0.218345,3.439184,0.0,9.964,29.0,true,true,5.0,3.0,true,10.0,false,482,2.29205,0.2300331192292252,435.0,4.36,2778.23,95.801034,1.122164,0.188614,3.140185,0.0,13.8998,29.0,true,469,2.7782299999999998,0.19987553777752196,-0.13999999999999968,486.17999999999984,16.764826999999997,-0.0017000000000000348,-0.029731000000000007,-0.29899900000000024,0.0,3.9358000000000004,0.0,-0.030157581451703247
148.0,45.37,13549.65,301.103333,1.532761,1.527776,7.621354,0.0,7.2921,45.0,false,false,10.0,3.0,true,10.0,false,232,13.54965,1.8581272884354303,436.0,43.97,15249.2,338.871111,1.5247,1.413413,7.19851,0.0,8.6494,45.0,true,180,15.249200000000002,1.763035586283442,-1.3999999999999986,1699.550000000001,37.767777999999964,-0.008061000000000096,-0.11436299999999999,-0.42284400000000044,0.0,1.3573000000000004,0.0,-0.09509170215198837
149.0,77.09,17191.99,350.856939,1.804714,2.419693,10.087665,0.0,6.0612,49.0,true,false,10.0,3.0,true,10.0,false,138,17.19199,2.836400382762489,437.0,79.28,21304.94,434.794694,1.929051,2.881632,11.301335,0.0,6.1895,49.0,true,83,21.30494,3.4421100250424104,2.1899999999999977,4112.949999999997,83.93775499999998,0.12433700000000014,0.4619390000000001,1.2136700000000005,0.0,0.12829999999999941,0.0,0.6057096422799213
150.0,7.65,18747.46,669.552143,2.433801,4.040871,12.738864,0.0,3.7856,28.0,false,true,10.0,3.0,true,10.0,false,121,18.74746,4.952308748943365,438.0,7.65,20839.78,744.277857,2.494714,4.084037,12.946735,0.0,4.0849,28.0,true,87,20.83978,5.101662219393376,0.0,2092.3199999999997,74.72571400000004,0.06091300000000022,0.04316600000000026,0.2078710000000008,0.0,0.2993000000000001,0.0,0.14935347045001102
151.0,5.85,6376.4,219.875862,1.537439,0.950064,5.990423,0.0,6.0672,29.0,true,true,10.0,3.0,true,10.0,false,402,6.3764,1.050962552742616,439.0,5.83,7133.26,245.974483,1.538154,0.897676,5.988244,0.0,7.1479,29.0,true,386,7.13326,0.9979518459967263,-0.019999999999999574,756.8600000000006,26.09862099999998,0.0007150000000000212,-0.05238799999999999,-0.002178999999999931,0.0,1.0807000000000002,0.0,-0.05301070674588981
152.0,44.89,9064.63,188.846458,1.482906,0.765072,3.885862,0.0,10.2033,48.0,false,false,15.0,3.0,true,10.0,false,336,9.06463,0.8884017915772348,440.0,44.25,10771.06,224.397083,1.482492,0.718334,3.739145,0.0,12.685,48.0,true,292,10.771059999999999,0.8491178557351201,-0.6400000000000006,1706.4300000000003,35.550625,-0.0004140000000001365,-0.046737999999999946,-0.14671699999999976,0.0,2.4817,0.0,-0.03928393584211465
153.0,84.13,15651.14,300.983462,1.963461,2.340452,7.939222,0.0,5.6979,52.0,true,false,15.0,3.0,true,10.0,false,171,15.65114,2.7468260236227384,441.0,85.62,18520.73,356.167885,2.061615,2.59678,8.466544,0.0,6.0093,52.0,true,122,18.52073,3.0820112159486133,1.490000000000009,2869.59,55.18442300000004,0.0981540000000003,0.2563279999999999,0.5273220000000007,0.0,0.3113999999999999,0.0,0.33518519232587485
154.0,6.2,12594.14,449.790714,2.382891,1.593485,6.687959,0.0,6.7743,28.0,false,true,15.0,3.0,true,10.0,false,255,12.594139999999998,1.8591057378622142,442.0,6.28,14426.11,515.218214,2.48329,1.662054,6.994626,0.0,7.3605,28.0,true,194,14.42611,1.9599361456422797,0.08000000000000007,1831.9700000000012,65.42750000000001,0.10039900000000035,0.06856899999999988,0.306667,0.0,0.5861999999999998,0.0,0.10083040778006547
155.0,2.49,-122.16,-4.212414,0.986505,-0.014238,-0.107968,0.0,7.9228,29.0,true,true,15.0,3.0,true,10.0,false,517,-0.12216,-0.015418791336396225,443.0,2.42,-2047.99,-70.620345,0.818672,-0.187182,-1.48733,0.0,10.0744,29.0,true,534,-2.04799,-0.2032865480822679,-0.07000000000000028,-1925.83,-66.407931,-0.167833,-0.172944,-1.379362,0.0,2.151600000000001,0.0,-0.18786775674587167
156.0,47.65,8664.91,180.518958,1.54842,0.920342,4.165216,0.0,8.3009,48.0,false,false,20.0,3.0,true,10.0,false,355,8.664909999999999,1.0438518714838148,444.0,47.33,10130.73,211.056875,1.553295,0.832515,4.161967,0.0,10.5635,48.0,true,305,10.13073,0.9590315709755289,-0.3200000000000003,1465.8199999999997,30.537916999999993,0.004875000000000185,-0.08782699999999999,-0.0032490000000002794,0.0,2.262599999999999,0.0,-0.08482030050828582
157.0,89.1,23511.63,461.012353,2.910195,4.055897,12.684618,0.0,4.8945,51.0,true,false,20.0,3.0,true,10.0,false,73,23.51163,4.803683726631934,445.0,89.09,25910.03,508.039804,2.995067,4.073757,12.927011,0.0,5.3155,51.0,true,58,25.91003,4.874429498636064,-0.009999999999990905,2398.399999999998,47.027450999999985,0.08487200000000028,0.017859999999999765,0.24239299999999986,0.0,0.42100000000000026,0.0,0.07074577200413046
158.0,7.07,14020.73,500.740357,2.799782,2.423564,8.488107,0.0,4.9842,28.0,false,true,20.0,3.0,true,10.0,false,210,14.02073,2.813035191204205,446.0,7.12,15763.03,562.965357,2.937633,2.562782,8.852112,0.0,5.2426,28.0,true,169,15.76303,3.0067199481173463,0.04999999999999982,1742.300000000001,62.22500000000002,0.13785099999999995,0.13921800000000006,0.3640050000000006,0.0,0.25839999999999996,0.0,0.19368475691314124
159.0,5.94,4418.33,152.356207,1.582191,0.678951,4.373504,0.0,6.0112,29.0,true,true,20.0,3.0,true,10.0,false,443,4.41833,0.7350163029012511,447.0,6.0,5146.22,177.455862,1.601644,0.656379,4.328767,0.0,7.2212,29.0,true,429,5.14622,0.7126544064698388,0.05999999999999961,727.8900000000003,25.099654999999984,0.019453000000000165,-0.022571999999999925,-0.04473699999999958,0.0,1.21,0.0,-0.022361896431412287
160.0,34.78,7922.42,172.226522,1.198736,0.530852,5.943909,0.0,12.1485,46.0,false,false,5.0,4.0,true,10.0,false,367,7.92242,0.6521315388731119,448.0,35.5,11892.92,258.541739,1.243388,0.752594,7.048029,0.0,12.3752,46.0,true,270,11.89292,0.9610285086301636,0.7199999999999989,3970.5,86.31521700000002,0.044651999999999914,0.221742,1.10412,0.0,0.22669999999999924,0.0,0.3088969697570517
161.0,32.23,2420.49,48.4098,1.071659,0.249019,1.651494,0.0,9.0885,50.0,true,false,5.0,4.0,true,10.0,false,479,2.4204899999999996,0.2663244759861363,449.0,39.51,10326.09,215.126875,1.276805,0.849068,5.847459,0.0,11.1231,48.0,true,303,10.32609,0.9283464142190576,7.280000000000001,7905.6,166.71707500000002,0.20514600000000005,0.600049,4.195964999999999,0.0,2.034600000000001,-2.0,0.6620219382329213
162.0,7.15,18837.5,672.767857,1.926075,2.953822,16.494859,0.0,5.0931,28.0,false,true,5.0,4.0,true,10.0,false,120,18.8375,3.6986314818087216,450.0,7.19,22828.44,815.301429,2.007643,3.193901,17.838997,0.0,5.4991,28.0,true,81,22.82844,4.151304758960557,0.040000000000000036,3990.9399999999987,142.53357199999994,0.08156799999999986,0.2400789999999997,1.3441379999999974,0.0,0.4060000000000006,0.0,0.4526732771518356
163.0,2.35,-3159.5,-108.948276,0.835575,-0.26162,-3.217708,0.0,11.1375,29.0,true,true,5.0,4.0,true,10.0,false,543,-3.1595,-0.28368125701459035,451.0,2.07,-3791.27,-130.733448,0.849941,-0.215923,-2.551709,0.0,16.0502,29.0,true,546,-3.79127,-0.23621325590958367,-0.28000000000000025,-631.77,-21.785172000000003,0.01436599999999999,0.045697000000000015,0.6659990000000002,0.0,4.912700000000001,0.0,0.04746800110500668
164.0,17.08,843.17,17.207551,1.029681,0.039544,0.319659,0.0,17.555,49.0,false,false,10.0,4.0,true,10.0,false,500,0.84317,0.0480301908288237,452.0,4.35,-7118.66,-145.278776,0.827746,-0.206355,-1.981686,0.0,27.5251,49.0,true,569,-7.11866,-0.2586243101750766,-12.729999999999999,-7961.83,-162.486327,-0.2019350000000001,-0.245899,-2.301345,0.0,9.970099999999999,0.0,-0.3066545010039003
165.0,54.62,10730.51,206.355962,1.487569,1.384518,4.668789,0.0,6.9911,52.0,true,false,10.0,4.0,true,10.0,false,296,10.73051,1.5348814921829184,453.0,63.07,15379.48,295.759231,1.623844,1.683598,5.678052,0.0,8.2259,52.0,true,176,15.379480000000001,1.869641011925747,8.450000000000003,4648.969999999999,89.403269,0.13627500000000015,0.29908,1.0092629999999998,0.0,1.234799999999999,0.0,0.3347595197428286
166.0,5.35,11533.08,411.895714,1.853786,0.993546,5.360192,0.0,9.4868,28.0,false,true,10.0,4.0,true,10.0,false,272,11.53308,1.215697600877008,454.0,5.31,12742.57,455.091786,1.838268,0.962975,5.289862,0.0,10.6015,28.0,true,247,12.74257,1.2019591567231054,-0.040000000000000036,1209.4899999999998,43.196072000000015,-0.01551799999999992,-0.030571000000000015,-0.07032999999999934,0.0,1.1146999999999991,0.0,-0.013738444153902574
167.0,2.43,-172.62,-5.952414,0.98564,-0.015975,-0.116982,0.0,9.7894,29.0,true,true,10.0,4.0,true,10.0,false,518,-0.17262,-0.017633358530655605,455.0,2.29,-2936.67,-101.264483,0.812459,-0.201729,-1.507423,0.0,13.0975,29.0,true,541,-2.93667,-0.22421607176942163,-0.14000000000000012,-2764.05,-95.312069,-0.17318099999999992,-0.185754,-1.390441,0.0,3.3080999999999996,0.0,-0.20658271323876604
168.0,53.32,14327.44,298.488333,1.750323,1.176397,5.435271,0.0,10.202,48.0,false,false,15.0,4.0,true,10.0,false,200,14.32744,1.4043756126249753,456.0,53.05,17883.3,372.56875,1.781756,1.152369,5.488525,0.0,12.6858,48.0,true,129,17.8833,1.409710069526557,-0.2700000000000031,3555.8599999999988,74.08041700000001,0.03143299999999982,-0.02402799999999994,0.05325399999999991,0.0,2.4838000000000005,0.0,0.00533445690158163
169.0,86.95,27182.29,522.736346,2.575339,3.800528,11.571097,0.0,5.6987,52.0,true,false,15.0,4.0,true,10.0,false,52,27.182290000000002,4.769910681383474,457.0,86.96,31799.04,611.52,2.706393,4.14817,12.108593,0.0,6.0111,52.0,true,38,31.79904,5.290053401207766,0.009999999999990905,4616.75,88.78365399999996,0.13105399999999978,0.34764200000000045,0.5374960000000009,0.0,0.31240000000000023,0.0,0.5201427198242916
170.0,7.07,20402.94,728.676429,3.152447,2.43742,9.630152,0.0,6.7745,28.0,false,true,15.0,4.0,true,10.0,false,96,20.40294,3.011726326666175,458.0,7.1,23208.6,828.878571,3.284345,2.515587,9.951513,0.0,7.3592,28.0,true,75,23.208599999999997,3.153685183172083,0.02999999999999936,2805.66,100.20214199999998,0.13189800000000007,0.0781670000000001,0.32136099999999956,0.0,0.5847000000000007,0.0,0.14195885650590823
171.0,4.56,2799.79,96.544483,1.301382,0.31706,2.290178,0.0,7.9226,29.0,true,true,15.0,4.0,true,10.0,false,468,2.79979,0.35339282558755963,459.0,2.65,907.22,31.283448,1.078158,0.080483,0.617065,0.0,10.0752,29.0,true,499,0.90722,0.09004486263299984,-1.9099999999999997,-1892.57,-65.26103499999999,-0.2232240000000001,-0.236577,-1.673113,0.0,2.1526000000000005,0.0,-0.2633479629545598
172.0,24.63,2889.38,57.7876,1.172812,0.23669,0.851331,0.0,11.2174,50.0,false,false,20.0,4.0,true,10.0,false,467,2.88938,0.25758018792233495,460.0,25.78,4474.59,89.4918,1.221433,0.28475,1.082228,0.0,14.2261,50.0,true,442,4.47459,0.31453384975502774,1.1500000000000021,1585.21,31.7042,0.048621000000000025,0.04805999999999999,0.23089700000000002,0.0,3.008700000000001,0.0,0.05695366183269279
173.0,89.05,29816.66,573.397308,3.181922,5.064693,8.177505,0.0,4.8957,52.0,true,false,20.0,4.0,true,10.0,false,41,29.81666,6.090377269849052,461.0,89.04,32602.83,626.9775,3.237759,5.055666,8.193057,0.0,5.3155,52.0,true,36,32.60283,6.1335396481986635,-0.009999999999990905,2786.170000000002,53.58019200000001,0.055836999999999914,-0.009026999999999674,0.015551999999999566,0.0,0.4198000000000004,0.0,0.043162378349611785
174.0,5.31,7652.96,273.32,1.903171,0.857996,2.96179,0.0,7.9604,28.0,false,true,20.0,4.0,true,10.0,false,372,7.65296,0.9613788251846641,462.0,5.41,9554.65,341.2375,2.036102,0.988249,3.240003,0.0,8.5459,28.0,true,317,9.554649999999999,1.1180390596660386,0.10000000000000053,1901.6899999999996,67.91750000000002,0.13293100000000013,0.13025300000000006,0.27821300000000004,0.0,0.5854999999999997,0.0,0.15666023448137445
175.0,5.42,4028.93,138.928621,1.511385,0.627458,2.575537,0.0,6.0117,29.0,true,true,20.0,4.0,true,10.0,false,450,4.02893,0.6701814794484089,463.0,5.78,5248.68,180.988966,1.591473,0.678361,2.845654,0.0,7.2202,29.0,true,424,5.24868,0.7269438519708595,0.3600000000000003,1219.7500000000005,42.06034500000001,0.08008799999999994,0.05090300000000003,0.27011699999999994,0.0,1.2085,0.0,0.056762372522450644
176.0,43.84,19745.16,429.242609,1.460398,1.408086,12.685119,0.0,10.4829,46.0,false,false,5.0,5.0,true,10.0,false,105,19.745160000000002,1.883558938843259,464.0,47.5,27216.7,591.667391,1.509124,1.628204,13.629198,0.0,11.6136,46.0,true,51,27.2167,2.343519666597782,3.6599999999999966,7471.540000000001,162.42478199999994,0.048725999999999825,0.22011800000000004,0.9440790000000003,0.0,1.1306999999999992,0.0,0.459960727754523
177.0,43.07,10360.99,207.2198,1.295959,1.028698,5.107009,0.0,8.9408,50.0,true,false,5.0,5.0,true,10.0,false,302,10.36099,1.1588437276306371,465.0,53.11,20551.19,419.412041,1.507228,1.628751,8.100228,0.0,11.1221,49.0,true,95,20.55119,1.847779645930175,10.04,10190.199999999999,212.192241,0.21126899999999993,0.6000530000000002,2.993219,0.0,2.1813000000000002,-1.0,0.6889359182995378
178.0,7.24,29438.88,1051.388571,2.369785,4.238255,21.930105,0.0,5.0929,28.0,false,true,5.0,5.0,true,10.0,false,45,29.43888,5.780376602721436,466.0,7.24,35373.43,1263.336786,2.467783,4.49045,23.311848,0.0,5.4991,28.0,true,31,35.37343,6.432585332145259,0.0,5934.549999999999,211.94821500000012,0.09799800000000003,0.2521950000000004,1.3817430000000002,0.0,0.4062000000000001,0.0,0.6522087294238235
179.0,2.41,-57.3,-1.975862,0.997084,-0.004561,-0.040363,0.0,11.2913,29.0,true,true,5.0,5.0,true,10.0,false,512,-0.0573,-0.005074703532808446,467.0,2.14,432.89,14.927241,1.016685,0.023652,0.20256,0.0,16.2547,29.0,true,505,0.43289,0.026631681913538853,-0.27,490.19,16.903103,0.01960100000000009,0.028213,0.242923,0.0,4.9634,0.0,0.031706385446347296
180.0,19.04,2537.77,51.791224,1.08872,0.117048,0.823498,0.0,17.5557,49.0,false,false,10.0,5.0,true,10.0,false,473,2.53777,0.1445553296080475,468.0,4.43,-4644.1,-94.777551,0.889537,-0.131125,-1.132337,0.0,27.5258,49.0,true,554,-4.6441,-0.16871807540561945,-14.61,-7181.870000000001,-146.56877500000002,-0.1991829999999999,-0.24817299999999998,-1.955835,0.0,9.970099999999999,0.0,-0.31327340501366696
181.0,74.97,19307.52,371.298462,1.844151,2.377522,7.521559,0.0,6.9895,52.0,true,false,10.0,5.0,true,10.0,false,116,19.30752,2.7623606838829673,469.0,77.15,26177.94,503.421923,2.014729,2.743263,8.508001,0.0,8.228,52.0,true,56,26.17794,3.1815678172095283,2.180000000000007,6870.419999999998,132.12346100000002,0.1705779999999999,0.36574099999999987,0.9864420000000003,0.0,1.2385000000000002,0.0,0.419207133326561
182.0,5.77,17931.7,640.417857,2.27571,1.461152,7.099044,0.0,9.4856,28.0,false,true,10.0,5.0,true,10.0,false,128,17.9317,1.8904128362992325,470.0,5.71,19912.3,711.153571,2.253028,1.41441,7.01732,0.0,10.6043,28.0,true,103,19.9123,1.8777571362560468,-0.05999999999999961,1980.5999999999985,70.73571400000003,-0.02268200000000009,-0.04674200000000006,-0.08172400000000035,0.0,1.1187000000000005,0.0,-0.012655700043185725
183.0,3.94,2748.85,94.787931,1.223064,0.247103,1.788833,0.0,9.7911,29.0,true,true,10.0,5.0,true,10.0,false,470,2.74885,0.2807498646730194,471.0,2.36,93.85,3.236207,1.005833,0.006251,0.046512,0.0,13.0991,29.0,true,510,0.09385,0.00716461436281882,-1.58,-2655.0,-91.55172400000001,-0.21723099999999995,-0.24085199999999998,-1.742321,0.0,3.308,0.0,-0.27358525031020053
184.0,43.5,9955.65,203.176531,1.486747,0.577789,2.523511,0.0,14.5478,49.0,false,false,15.0,5.0,true,10.0,false,306,9.955649999999999,0.6843405875802525,472.0,32.78,12360.1,252.246939,1.438586,0.492413,2.236469,0.0,20.6551,49.0,true,261,12.360100000000001,0.5984042681952642,-10.719999999999999,2404.4500000000007,49.070407999999986,-0.04816100000000012,-0.08537600000000001,-0.287042,0.0,6.1073,0.0,-0.08593631938498836
185.0,86.98,38632.67,742.935962,3.124362,5.076166,9.547299,0.0,5.6988,52.0,true,false,15.0,5.0,true,10.0,false,20,38.63267,6.77908858005194,473.0,86.97,44801.02,861.558077,3.234974,5.469869,9.759671,0.0,6.0107,52.0,true,16,44.801019999999994,7.453544512286421,-0.010000000000005116,6168.3499999999985,118.62211500000001,0.11061199999999971,0.39370300000000036,0.21237200000000023,0.0,0.3118999999999996,0.0,0.6744559322344816
186.0,5.59,15954.92,569.818571,2.594625,1.261873,4.692212,0.0,10.3187,28.0,false,true,15.0,5.0,true,10.0,false,166,15.95492,1.5462141548838517,474.0,5.65,19034.39,679.799643,2.705251,1.349194,4.8875,0.0,11.3648,28.0,true,118,19.03439,1.6748548148669573,0.0600000000000005,3079.4699999999993,109.98107199999993,0.11062599999999989,0.08732099999999998,0.19528800000000057,0.0,1.046100000000001,0.0,0.1286406599831056
187.0,5.73,5522.86,190.443448,1.580676,0.609406,2.829838,0.0,7.9213,29.0,true,true,15.0,5.0,true,10.0,false,420,5.52286,0.6972163660005302,475.0,3.93,3644.47,125.671379,1.306218,0.314677,1.615767,0.0,10.078,29.0,true,452,3.6444699999999997,0.3616263147449891,-1.8000000000000003,-1878.3899999999999,-64.77206899999999,-0.27445799999999987,-0.294729,-1.2140710000000001,0.0,2.1567,0.0,-0.3355900512555411
188.0,43.38,7801.17,156.0234,1.456054,0.621569,2.15437,0.0,11.2151,50.0,false,false,20.0,5.0,true,10.0,false,368,7.80117,0.6955952242958154,476.0,45.63,10727.79,214.5558,1.516634,0.660582,2.400502,0.0,14.2293,50.0,true,297,10.72779,0.753922540110898,2.25,2926.620000000001,58.532399999999996,0.06058000000000008,0.039012999999999964,0.2461319999999998,0.0,3.0142000000000007,0.0,0.05832731581508255
189.0,79.81,22707.19,436.676731,2.564731,2.465389,4.100351,0.0,7.7622,52.0,true,false,20.0,5.0,true,10.0,false,82,22.70719,2.9253549251500863,477.0,79.28,25571.06,491.751154,2.60726,2.382458,4.18263,0.0,8.9473,52.0,true,59,25.571060000000003,2.857963855017715,-0.5300000000000011,2863.8700000000026,55.07442299999997,0.04252900000000004,-0.08293099999999987,0.08227899999999977,0.0,1.1851000000000003,0.0,-0.06739107013237122
190.0,5.61,11734.7,419.096429,2.356555,1.278893,4.257276,0.0,7.962,28.0,false,true,20.0,5.0,true,10.0,false,271,11.7347,1.4738382316001006,478.0,5.76,14336.33,512.011786,2.519358,1.437644,4.536751,0.0,8.5474,28.0,true,198,14.33633,1.6772737908603788,0.14999999999999947,2601.629999999999,92.91535700000003,0.1628029999999998,0.15875099999999986,0.2794749999999997,0.0,0.5853999999999999,0.0,0.20343555926027812
191.0,6.53,7015.43,241.911379,1.874252,1.071925,4.132891,0.0,6.0108,29.0,true,true,20.0,5.0,true,10.0,false,393,7.01543,1.1671374858587875,479.0,6.61,8799.75,303.439655,1.972234,1.114694,4.409715,0.0,7.2195,29.0,true,351,8.799750000000001,1.2188863494701851,0.08000000000000007,1784.3199999999997,61.528276000000005,0.09798200000000001,0.04276900000000006,0.2768240000000004,0.0,1.2087000000000003,0.0,0.05174886361139763
240.0,16.59,-3982.33,-88.496222,0.901531,-0.264818,-3.907818,0.0,13.7402,45.0,false,false,5.0,3.0,true,15.0,false,548,-3.9823299999999997,-0.2898305701518173,528.0,16.42,-99.93,-2.220667,0.997942,-0.005966,-0.076757,0.0,14.8563,45.0,true,513,-0.09993,-0.006726439288382707,-0.16999999999999815,3882.4,86.275555,0.09641100000000002,0.25885199999999997,3.8310609999999996,0.0,1.1160999999999994,0.0,0.28310413086343456
241.0,37.18,7027.35,149.518085,1.180377,0.841526,6.356033,0.0,7.6691,47.0,true,false,5.0,3.0,true,15.0,false,389,7.02735,0.9163200375532983,529.0,40.83,14880.42,330.676,1.355122,1.575371,11.224479,0.0,8.8166,45.0,true,188,14.880419999999999,1.687773064446612,3.6499999999999986,7853.07,181.15791499999997,0.17474499999999993,0.7338450000000001,4.8684460000000005,0.0,1.147499999999999,-2.0,0.7714530268933137
242.0,4.71,8813.59,314.771071,1.393267,1.535059,10.165501,0.0,5.0932,28.0,false,true,5.0,3.0,true,15.0,false,346,8.81359,1.7304621848739494,530.0,5.71,12842.6,458.664286,1.522085,2.001867,12.908113,0.0,5.5173,28.0,true,240,12.842600000000001,2.327696518224494,1.0,4029.01,143.893215,0.12881799999999988,0.4668079999999999,2.7426119999999994,0.0,0.42409999999999926,0.0,0.5972343333505445
243.0,4.51,3036.67,104.712759,1.12701,0.500613,4.022039,0.0,5.8079,29.0,true,true,5.0,3.0,true,15.0,false,457,3.03667,0.522851633120405,531.0,4.94,7438.63,256.504483,1.280683,1.166884,8.21615,0.0,6.0008,29.0,true,377,7.43863,1.2396063858152246,0.4300000000000006,4401.96,151.791724,0.15367299999999995,0.6662710000000001,4.194111,0.0,0.19289999999999985,0.0,0.7167547526948197
244.0,32.37,5595.14,124.336444,1.172354,0.473534,2.58565,0.0,10.0636,45.0,false,false,10.0,3.0,true,15.0,false,416,5.595140000000001,0.5559779800469018,532.0,31.09,6145.34,136.563111,1.157305,0.425254,2.284816,0.0,11.983,45.0,true,406,6.14534,0.5128381874321956,-1.2799999999999976,550.1999999999998,12.226666999999992,-0.015048999999999868,-0.04827999999999999,-0.3008339999999996,0.0,1.9194000000000013,0.0,-0.04313979261470624
245.0,53.92,18416.37,400.35587,1.603271,1.889992,9.0492,0.0,7.9875,46.0,true,false,10.0,3.0,true,15.0,false,126,18.416369999999997,2.3056488262910797,533.0,56.4,23317.42,506.900435,1.678166,1.96724,9.824171,0.0,9.4299,46.0,true,74,23.31742,2.4727112694726348,2.479999999999997,4901.049999999999,106.54456500000003,0.07489500000000016,0.0772480000000002,0.774970999999999,0.0,1.4424000000000001,0.0,0.16706244318155505
246.0,6.77,13615.92,486.282857,1.771714,2.745893,7.998061,0.0,4.1819,28.0,false,true,10.0,3.0,true,15.0,false,231,13.615920000000001,3.2559171668380404,534.0,6.86,16141.36,576.477143,1.844672,2.907793,8.362139,0.0,4.5616,28.0,true,165,16.141360000000002,3.538530340231498,0.09000000000000075,2525.4400000000005,90.19428599999998,0.07295800000000008,0.1618999999999997,0.364078000000001,0.0,0.3797000000000006,0.0,0.2826131733934574
247.0,4.95,7396.52,255.052414,1.359007,0.777555,5.211876,0.0,8.1554,29.0,true,true,10.0,3.0,true,15.0,false,382,7.396520000000001,0.9069475439586042,535.0,5.09,9253.39,319.082414,1.392213,0.914232,5.401231,0.0,8.5072,29.0,true,331,9.25339,1.087712760955426,0.13999999999999968,1856.869999999999,64.03000000000003,0.03320599999999985,0.13667700000000005,0.18935499999999994,0.0,0.351799999999999,0.0,0.1807652169968218
248.0,34.29,5654.21,117.796042,1.227648,0.449231,1.953204,0.0,11.1711,48.0,false,false,15.0,3.0,true,15.0,false,415,5.65421,0.5061462165767024,536.0,31.73,6954.45,144.884375,1.231053,0.414044,1.795714,0.0,14.541,48.0,true,394,6.95445,0.4782649061275015,-2.5599999999999987,1300.2399999999998,27.088333000000006,0.0034049999999998803,-0.03518699999999997,-0.1574899999999999,0.0,3.3699000000000012,0.0,-0.027881310449200947
249.0,71.55,22903.46,458.0692,1.875531,2.471254,7.331681,0.0,7.621,50.0,true,false,15.0,3.0,true,15.0,false,79,22.90346,3.005309014565017,537.0,72.28,30202.25,604.045,2.010669,2.54918,7.799185,0.0,9.483,50.0,true,40,30.202250000000003,3.184883475693346,0.730000000000004,7298.790000000001,145.97579999999994,0.13513799999999998,0.07792599999999972,0.4675039999999999,0.0,1.862,0.0,0.17957446112832898
250.0,5.21,8965.04,320.18,1.718083,0.984602,4.249817,0.0,7.8829,28.0,false,true,15.0,3.0,true,15.0,false,342,8.96504,1.1372768904844663,538.0,5.35,10986.59,392.378214,1.806239,1.050394,4.582116,0.0,8.9348,28.0,true,285,10.98659,1.2296402829386222,0.13999999999999968,2021.5499999999993,72.19821400000001,0.0881559999999999,0.06579200000000007,0.3322989999999999,0.0,1.051899999999999,0.0,0.09236339245415581
251.0,2.65,1407.59,48.537586,1.083506,0.112395,0.727205,0.0,11.0086,29.0,true,true,15.0,3.0,true,15.0,false,492,1.40759,0.1278627618407427,539.0,2.09,-2443.58,-84.261379,0.890738,-0.133234,-1.004019,0.0,15.8774,29.0,true,538,-2.44358,-0.1539030319825664,-0.56,-3851.17,-132.798965,-0.19276800000000005,-0.245629,-1.731224,0.0,4.8688,0.0,-0.28176579382330913
252.0,28.03,3804.98,79.270417,1.173994,0.377016,1.372567,0.0,9.2712,48.0,false,false,20.0,3.0,true,15.0,false,451,3.80498,0.41040857709897316,540.0,32.67,6147.19,128.066458,1.23917,0.447196,1.78447,0.0,12.3097,48.0,true,405,6.147189999999999,0.49937772650836326,4.640000000000001,2342.2099999999996,48.79604100000002,0.06517600000000012,0.07017999999999996,0.4119029999999999,0.0,3.038499999999999,0.0,0.0889691494093901
253.0,71.81,26036.24,531.351837,2.114085,3.11911,7.959043,0.0,6.8727,49.0,true,false,20.0,3.0,true,15.0,false,57,26.03624,3.788356832103831,541.0,71.7,32920.17,671.840204,2.234795,3.010441,8.274588,0.0,8.7318,49.0,true,32,32.92017,3.7701470487184774,-0.10999999999999943,6883.929999999997,140.48836699999993,0.12070999999999987,-0.1086689999999999,0.3155449999999993,0.0,1.8590999999999998,0.0,-0.018209783385353617
254.0,6.48,13639.18,487.113571,2.366004,1.955502,7.001043,0.0,6.071,28.0,false,true,20.0,3.0,true,15.0,false,227,13.639180000000001,2.2466117608301768,542.0,6.57,15756.46,562.730714,2.474482,2.033288,7.278583,0.0,6.655,28.0,true,170,15.75646,2.367612321562735,0.08999999999999986,2117.279999999999,75.61714300000006,0.10847799999999985,0.07778600000000013,0.2775400000000001,0.0,0.5840000000000005,0.0,0.12100056073255816
255.0,5.0,6017.72,207.507586,1.391053,0.673516,3.1694,0.0,7.8831,29.0,true,true,20.0,3.0,true,15.0,false,413,6.01772,0.7633697403305806,543.0,5.18,7931.4,273.496552,1.444066,0.665089,3.513003,0.0,10.3373,29.0,true,366,7.9314,0.7672603097520628,0.17999999999999972,1913.6799999999994,65.988966,0.05301299999999998,-0.008426999999999962,0.3436029999999999,0.0,2.454200000000001,0.0,0.0038905694214822484
256.0,26.08,2313.21,50.287174,1.0521,0.137557,1.576273,0.0,14.116,46.0,false,false,5.0,4.0,true,15.0,false,481,2.3132099999999998,0.16387149334088977,544.0,30.76,4799.0,104.326087,1.085204,0.23976,2.46058,0.0,16.0364,46.0,true,432,4.7989999999999995,0.29925669102791147,4.680000000000003,2485.79,54.038913,0.03310400000000002,0.10220299999999999,0.8843070000000002,0.0,1.9204000000000008,0.0,0.1353851976870217
257.0,20.39,154.98,3.22875,1.003866,0.013855,0.098352,0.0,10.3076,48.0,true,false,5.0,4.0,true,15.0,false,508,0.15497999999999998,0.01503550778066669,545.0,35.91,9850.05,214.131522,1.219992,0.876821,5.017885,0.0,9.9484,46.0,true,310,9.85005,0.9901139881790036,15.519999999999996,9695.07,210.902772,0.21612600000000004,0.862966,4.9195329999999995,0.0,-0.3592000000000013,-2.0,0.975078480398337
258.0,5.99,15007.12,535.968571,1.637091,1.944774,12.207956,0.0,6.2878,28.0,false,true,5.0,4.0,true,15.0,false,184,15.007120000000002,2.3867044117179304,546.0,6.34,19232.27,686.866786,1.723105,2.110231,13.562266,0.0,7.101,28.0,true,117,19.23227,2.708388959301507,0.34999999999999964,4225.15,150.89821500000005,0.08601400000000003,0.1654570000000002,1.35431,0.0,0.8132000000000001,0.0,0.32168454758357656
259.0,2.41,-630.19,-21.73069,0.97469,-0.065196,-0.567691,0.0,8.9057,29.0,true,true,5.0,4.0,true,15.0,false,523,-0.6301900000000001,-0.07076254533613306,547.0,3.7,2475.07,85.347241,1.083633,0.216565,1.706483,0.0,10.1963,29.0,true,475,2.47507,0.24274197503015799,1.29,3105.26,107.07793099999999,0.10894300000000012,0.28176100000000004,2.274174,0.0,1.2906000000000013,0.0,0.31350452036629106
260.0,17.34,-1972.98,-40.264898,0.943795,-0.101576,-0.612437,0.0,16.6476,49.0,false,false,10.0,4.0,true,15.0,false,533,-1.97298,-0.1185143804512362,548.0,6.01,-1504.54,-30.704898,0.96836,-0.049789,-0.322865,0.0,24.8552,49.0,true,530,-1.50454,-0.060532202516978335,-11.33,468.44000000000005,9.560000000000002,0.024564999999999948,0.051787,0.289572,0.0,8.2076,0.0,0.05798217793425787
261.0,45.65,12629.1,252.582,1.384008,1.141972,4.120325,0.0,9.7436,50.0,true,false,10.0,4.0,true,15.0,false,254,12.629100000000001,1.2961431093230429,549.0,47.62,17563.95,351.279,1.440443,1.235695,4.448754,0.0,12.1404,50.0,true,130,17.563950000000002,1.4467356923989327,1.9699999999999989,4934.85,98.697,0.05643500000000001,0.093723,0.32842899999999986,0.0,2.396799999999999,0.0,0.15059258307588985
262.0,4.04,6708.92,239.604286,1.372881,0.507793,2.844817,0.0,11.0172,28.0,false,true,10.0,4.0,true,15.0,false,395,6.70892,0.6089496423773735,550.0,3.86,7221.62,257.915,1.339456,0.450937,2.550871,0.0,12.9951,28.0,true,385,7.22162,0.5557186939692653,-0.18000000000000016,512.6999999999998,18.31071400000002,-0.03342500000000004,-0.05685600000000007,-0.29394600000000004,0.0,1.9779,0.0,-0.05323094840810816
263.0,2.33,-392.29,-13.527241,0.980895,-0.025876,-0.199041,0.0,13.2384,29.0,true,true,10.0,4.0,true,15.0,false,519,-0.39229,-0.029632735073724922,551.0,1.51,-4727.17,-163.005862,0.831762,-0.205952,-1.787122,0.0,19.5165,29.0,true,556,-4.72717,-0.24221402403094816,-0.8200000000000001,-4334.88,-149.478621,-0.14913299999999996,-0.18007599999999999,-1.588081,0.0,6.2781,0.0,-0.21258128895722322
264.0,35.94,7093.9,147.789583,1.277663,0.548554,2.074607,0.0,11.1676,48.0,false,false,15.0,4.0,true,15.0,false,387,7.0939000000000005,0.6352215337225545,552.0,37.55,10737.98,223.707917,1.342915,0.616486,2.367709,0.0,14.5407,48.0,true,295,10.73798,0.7384775148376627,1.6099999999999994,3644.08,75.91833400000002,0.06525200000000009,0.06793199999999999,0.2931020000000002,0.0,3.373099999999999,0.0,0.10325598111510814
265.0,73.81,35771.49,715.4298,2.247109,3.513219,8.243048,0.0,7.621,50.0,true,false,15.0,4.0,true,15.0,false,30,35.77149,4.693805274898307,553.0,73.72,47586.74,951.7348,2.427459,3.606709,8.675814,0.0,9.482,50.0,true,15,47.58674,5.018639527525838,-0.09000000000000341,11815.25,236.30499999999995,0.1803499999999998,0.09349000000000007,0.43276600000000087,0.0,1.8609999999999989,0.0,0.3248342526275314
266.0,6.11,16518.93,589.961786,2.269254,1.712477,7.02715,0.0,7.8853,28.0,false,true,15.0,4.0,true,15.0,false,151,16.51893,2.094901906078399,554.0,6.18,19750.47,705.373929,2.383762,1.774559,7.364694,0.0,8.9356,28.0,true,104,19.75047,2.210312681856842,0.0699999999999994,3231.540000000001,115.41214300000001,0.11450799999999983,0.06208199999999997,0.3375440000000003,0.0,1.050300000000001,0.0,0.11541077577844305
267.0,5.01,7299.81,251.717586,1.413529,0.550829,3.055468,0.0,11.0094,29.0,true,true,15.0,4.0,true,15.0,false,384,7.299810000000001,0.6630524824241104,555.0,3.07,4079.11,140.658966,1.172474,0.208448,1.389743,0.0,15.8789,29.0,true,449,4.07911,0.25688870135840647,-1.94,-3220.7000000000003,-111.05862000000002,-0.24105500000000002,-0.34238100000000005,-1.665725,0.0,4.8695,0.0,-0.40616378106570394
268.0,20.42,-1705.66,-34.1132,0.924354,-0.123612,-0.422939,0.0,13.0723,50.0,false,false,20.0,4.0,true,15.0,false,532,-1.7056600000000002,-0.13047895167644563,556.0,13.5,-978.02,-19.5604,0.967283,-0.046066,-0.174764,0.0,19.6236,50.0,true,527,-0.9780199999999999,-0.04983896940418679,-6.920000000000002,727.6400000000001,14.552799999999998,0.042928999999999995,0.077546,0.248175,0.0,6.5512999999999995,0.0,0.08063998227225884
269.0,75.51,32105.85,629.526471,2.285534,3.833287,5.962696,0.0,6.8749,51.0,true,false,20.0,4.0,true,15.0,false,37,32.10585,4.670009745596299,557.0,75.42,41208.79,808.01549,2.433361,3.747419,6.365366,0.0,8.7334,51.0,true,18,41.20879,4.718527721162435,-0.09000000000000341,9102.940000000002,178.48901899999998,0.14782699999999993,-0.08586800000000006,0.40266999999999964,0.0,1.8584999999999994,0.0,0.048517975566135796
270.0,4.97,7302.35,260.798214,1.690457,0.730496,2.542629,0.0,9.0128,28.0,false,true,20.0,4.0,true,15.0,false,383,7.302350000000001,0.8102199094620984,558.0,5.22,9669.22,345.329286,1.818562,0.856089,2.890438,0.0,10.049,28.0,true,313,9.66922,0.9622071847945068,0.25,2366.869999999999,84.53107200000005,0.1281049999999999,0.12559299999999995,0.34780900000000026,0.0,1.0361999999999991,0.0,0.1519872753324084
271.0,3.79,4371.22,150.731724,1.276717,0.364952,1.599676,0.0,10.5284,29.0,true,true,20.0,4.0,true,15.0,false,445,4.37122,0.41518369362866153,559.0,4.24,6505.37,224.323103,1.339678,0.402651,1.962823,0.0,13.9616,29.0,true,400,6.505369999999999,0.46594731262892497,0.4500000000000002,2134.1499999999996,73.59137899999999,0.06296099999999982,0.03769899999999998,0.3631469999999999,0.0,3.433200000000001,0.0,0.05076361900026344
272.0,36.18,13523.41,293.987174,1.283558,0.834769,7.975124,0.0,12.4882,46.0,false,false,5.0,5.0,true,15.0,false,233,13.52341,1.082895052929966,560.0,35.61,19534.81,424.669783,1.316371,0.904206,8.583329,0.0,15.3071,46.0,true,109,19.534810000000004,1.2761927471565484,-0.5700000000000003,6011.4000000000015,130.682609,0.03281299999999998,0.06943699999999997,0.6082050000000008,0.0,2.8188999999999993,0.0,0.1932976942265825
273.0,38.61,9009.86,187.705417,1.215397,0.79774,4.175333,0.0,9.8716,48.0,true,false,5.0,5.0,true,15.0,false,338,9.00986,0.9127051339195266,561.0,38.35,16379.62,363.991556,1.343109,1.351587,5.922752,0.0,9.9494,45.0,true,155,16.37962,1.6462922387279633,-0.259999999999998,7369.76,176.286139,0.12771200000000005,0.5538470000000001,1.7474189999999998,0.0,0.07779999999999987,-3.0,0.7335871048084367
274.0,6.93,25264.89,902.3175,2.016394,3.005789,17.636963,0.0,6.2882,28.0,false,true,5.0,5.0,true,15.0,false,60,25.26489,4.017825450844439,562.0,6.95,31650.14,1130.362143,2.117366,3.145384,19.013712,0.0,7.1006,28.0,true,39,31.65014,4.457389516378898,0.020000000000000462,6385.25,228.04464300000006,0.10097200000000006,0.1395949999999999,1.3767490000000002,0.0,0.8124000000000002,0.0,0.4395640655344586
275.0,4.49,4538.19,156.48931,1.176333,0.490788,2.850785,0.0,8.164,29.0,true,true,5.0,5.0,true,15.0,false,439,4.538189999999999,0.5558782459578637,563.0,4.79,9513.32,328.045517,1.308157,0.789859,4.521908,0.0,10.1955,29.0,true,318,9.51332,0.9330900887646512,0.2999999999999998,4975.13,171.55620700000003,0.13182399999999994,0.299071,1.6711229999999997,0.0,2.0314999999999994,0.0,0.37721184280678743
276.0,12.03,-5218.72,-106.50449,0.853904,-0.219283,-1.304977,0.0,20.0699,49.0,false,false,10.0,5.0,true,15.0,false,561,-5.21872,-0.26002720491880876,564.0,3.52,-18486.09,-377.267143,0.679967,-0.42304,-2.881895,0.0,34.8994,49.0,true,574,-18.48609,-0.5296964990802134,-8.51,-13267.369999999999,-270.762653,-0.173937,-0.20375700000000002,-1.576918,0.0,14.8295,0.0,-0.26966929416140467
277.0,55.73,18355.65,367.113,1.524062,1.660381,4.669196,0.0,9.1825,50.0,true,false,10.0,5.0,true,15.0,false,127,18.35565,1.998981758780289,565.0,59.15,27334.04,557.837551,1.646474,1.779622,6.207874,0.0,12.1169,49.0,true,50,27.334039999999998,2.2558608224876,3.4200000000000017,8978.39,190.72455099999996,0.12241199999999997,0.11924099999999993,1.538678,0.0,2.9344,-1.0,0.25687906370731106
278.0,5.08,12841.22,458.615,1.685801,0.918886,4.700214,0.0,11.0197,28.0,false,true,10.0,5.0,true,15.0,false,244,12.84122,1.1652966959173117,566.0,4.9,14228.53,508.161786,1.638138,0.833699,4.350081,0.0,12.9987,28.0,true,205,14.228530000000001,1.0946117688691948,-0.17999999999999972,1387.3100000000013,49.546786,-0.04766300000000001,-0.08518700000000001,-0.3501329999999996,0.0,1.9789999999999992,0.0,-0.07068492704811691
279.0,4.05,4493.3,154.941379,1.210824,0.28254,2.007743,0.0,13.2378,29.0,true,true,10.0,5.0,true,15.0,false,440,4.4933,0.3394295124567526,567.0,1.6,621.14,21.418621,1.021132,0.025621,0.209237,0.0,19.5176,29.0,true,503,0.62114,0.031824609583145466,-2.4499999999999997,-3872.1600000000003,-133.522758,-0.18969199999999997,-0.256919,-1.7985060000000002,0.0,6.279800000000002,0.0,-0.30760490287360714
280.0,19.84,3007.97,61.387143,1.112554,0.158932,0.644894,0.0,16.3093,49.0,false,false,15.0,5.0,true,15.0,false,461,3.00797,0.18443280827503325,568.0,7.43,4134.84,84.38449,1.107096,0.136736,0.558207,0.0,25.208,49.0,true,448,4.13484,0.16402887972072358,-12.41,1126.8700000000003,22.997346999999998,-0.005457999999999963,-0.022195999999999994,-0.08668699999999996,0.0,8.898699999999998,0.0,-0.02040392855430967
281.0,75.42,44201.84,866.702745,2.413612,3.823351,6.880434,0.0,8.5506,51.0,true,false,15.0,5.0,true,15.0,false,17,44.20184,5.169443080017777,569.0,75.3,60068.89,1177.821373,2.577101,4.265014,7.248007,0.0,10.051,51.0,true,5,60.068889999999996,5.976409312506218,-0.12000000000000455,15867.050000000003,311.11862799999994,0.16348899999999977,0.4416629999999997,0.36757300000000015,0.0,1.5004000000000008,0.0,0.806966232488441
282.0,5.3,12222.58,436.520714,1.910621,0.885102,3.387496,0.0,11.383,28.0,false,true,15.0,5.0,true,15.0,false,268,12.222579999999999,1.0737573574628831,570.0,5.33,15831.58,565.413571,2.033347,0.984487,3.728919,0.0,13.0238,28.0,true,168,15.83158,1.2155883843425115,0.03000000000000025,3609.0,128.89285700000005,0.12272600000000011,0.09938499999999995,0.3414229999999998,0.0,1.6408000000000005,0.0,0.14183102687962834
283.0,4.62,7507.88,258.892414,1.412113,0.42619,2.167415,0.0,14.0992,29.0,true,true,15.0,5.0,true,15.0,false,373,7.50788,0.5325039718565593,571.0,1.61,2662.47,91.80931,1.10272,0.102325,0.630209,0.0,20.2902,29.0,true,471,2.66247,0.13121950498270102,-3.01,-4845.41,-167.083104,-0.30939300000000003,-0.323865,-1.537206,0.0,6.190999999999999,0.0,-0.40128446687385827
284.0,22.96,2996.29,59.9258,1.129861,0.211115,0.700266,0.0,13.0727,50.0,false,false,20.0,5.0,true,15.0,false,462,2.99629,0.229202077612123,572.0,17.77,5699.23,113.9846,1.184946,0.259326,0.951788,0.0,19.6207,50.0,true,414,5.69923,0.2904702686448496,-5.190000000000001,2702.9399999999996,54.0588,0.05508500000000005,0.048211000000000004,0.2515219999999999,0.0,6.548,0.0,0.0612681910327266
285.0,64.9,28263.33,554.182941,2.08081,1.715697,3.76947,0.0,12.969,51.0,true,false,20.0,5.0,true,15.0,false,46,28.263330000000003,2.1792990978487166,573.0,62.99,40738.39,798.791961,2.218788,1.812749,4.149735,0.0,17.2219,51.0,true,19,40.73839,2.3654991609520435,-1.9100000000000037,12475.059999999998,244.60902,0.13797799999999993,0.09705199999999992,0.38026499999999963,0.0,4.252900000000002,0.0,0.18620006310332693
286.0,5.47,11353.43,405.479643,2.052383,1.104446,3.723805,0.0,9.0124,28.0,false,true,20.0,5.0,true,15.0,false,278,11.353430000000001,1.2597565576317076,574.0,5.57,14696.41,524.871786,2.215974,1.260962,4.108357,0.0,10.0459,28.0,true,192,14.696409999999998,1.4629261688848185,0.10000000000000053,3342.9799999999996,119.39214300000003,0.16359100000000026,0.15651599999999988,0.3845519999999998,0.0,1.0335,0.0,0.20316961125311095
287.0,5.7,9443.18,325.626897,1.578349,0.758661,3.136775,0.0,10.5288,29.0,true,true,20.0,5.0,true,15.0,false,319,9.44318,0.8968904338576096,575.0,5.84,12988.53,447.880345,1.652846,0.77092,3.499458,0.0,13.9583,29.0,true,236,12.98853,0.930523774385133,0.13999999999999968,3545.3500000000004,122.25344799999999,0.07449700000000004,0.01225900000000002,0.3626830000000001,0.0,3.429499999999999,0.0,0.033633340527523425
