Pass_original,Result_original,Profit_original,Expected Payoff_original,Profit Factor_original,Recovery Factor_original,Sharpe Ratio_original,Custom_original,Equity DD %_original,Trades_original,InpUseRangeA,InpCancelSecondEntry,InpStopLossPips,InpRiskReward,InpAutoBreakeven,InpBreakevenPips,XML_row_original,Return_pct_original,Return_DD_original,Pass_control,Result_control,Profit_control,Expected Payoff_control,Profit Factor_control,Recovery Factor_control,Sharpe Ratio_control,Custom_control,Equity DD %_control,Trades_control,InpVariableRisk,XML_row_control,Return_pct_control,Return_DD_control
32.0,17.64,-1558.0,-34.622222,0.92038,-0.215819,-3.045742,0.0,6.889,45.0,false,false,5.0,3.0,false,0.0,207,-1.558,-0.22615764261866744,0.0,16.59,-3982.33,-88.496222,0.901531,-0.264818,-3.907818,0.0,13.7402,45.0,false,551,-3.9823299999999997,-0.2898305701518173
33.0,38.32,3262.0,67.958333,1.169384,0.739683,5.862054,0.0,4.2196,48.0,true,false,5.0,3.0,false,0.0,105,3.2620000000000005,0.7730590577305907,1.0,37.18,7027.35,149.518085,1.180377,0.841526,6.356033,0.0,7.6691,47.0,false,392,7.02735,0.9163200375532983
34.0,5.05,4492.0,160.428571,1.427077,1.721732,10.85389,0.0,2.456,28.0,false,true,5.0,3.0,false,0.0,377,4.492,1.8289902280130292,2.0,4.71,8813.59,314.771071,1.393267,1.535059,10.165501,0.0,5.0932,28.0,false,349,8.81359,1.7304621848739494
35.0,4.55,1752.0,60.413793,1.148752,0.596324,4.672903,0.0,2.8719,29.0,true,true,5.0,3.0,false,0.0,411,1.752,0.6100490964170061,3.0,4.51,3036.67,104.712759,1.12701,0.500613,4.022039,0.0,5.8079,29.0,false,460,3.03667,0.522851633120405
36.0,22.95,2973.0,66.066667,1.084295,0.179496,1.359372,0.0,13.8561,45.0,false,false,10.0,3.0,false,0.0,190,2.973,0.21456253924264404,4.0,18.53,2226.44,49.476444,1.056105,0.118623,0.922256,0.0,15.5122,45.0,false,485,2.22644,0.1435283196451825
37.0,51.98,18431.0,400.673913,1.580687,1.789417,8.119548,0.0,8.4854,46.0,true,false,10.0,3.0,false,0.0,69,18.431,2.172083814552054,5.0,47.86,19350.14,420.655217,1.525964,1.590486,7.449567,0.0,9.8846,46.0,false,115,19.35014,1.9576047589179126
38.0,4.77,9091.0,324.678571,1.451144,1.428055,5.242959,0.0,5.5137,28.0,false,true,10.0,3.0,false,0.0,398,9.091000000000001,1.6488020748317829,6.0,4.45,8950.2,319.65,1.40357,1.227506,4.737249,0.0,6.2726,28.0,false,345,8.9502,1.426872429295667
39.0,5.25,8516.0,293.655172,1.409738,1.082909,5.221274,0.0,6.792,29.0,true,true,10.0,3.0,false,0.0,358,8.516,1.2538280329799765,7.0,5.03,8317.4,286.806897,1.366394,0.939361,4.719331,0.0,7.5911,29.0,false,360,8.3174,1.0956778332520978
40.0,36.27,18620.0,423.181818,1.397244,1.236306,3.408634,0.0,11.6277,44.0,false,false,15.0,3.0,false,0.0,116,18.62,1.6013485040033713,8.0,34.31,12281.99,279.136136,1.345483,1.046294,2.975874,0.0,9.6919,44.0,false,264,12.28199,1.2672427490997638
41.0,49.22,27662.0,601.347826,1.591005,1.600255,4.983551,0.0,13.0567,46.0,true,false,15.0,3.0,false,0.0,73,27.662,2.1186057732811507,9.0,46.4,19387.04,421.457391,1.539255,1.42818,4.654909,0.0,11.0009,46.0,false,112,19.38704,1.7623139924915234
42.0,6.42,19994.0,714.071429,1.720037,2.182751,4.571721,0.0,7.1211,28.0,false,true,15.0,3.0,false,0.0,297,19.994,2.8077122916403363,10.0,5.95,13616.32,486.297143,1.650101,1.881744,4.132684,0.0,6.0039,28.0,false,230,13.616319999999998,2.267912523526374
43.0,6.05,18752.0,646.62069,1.643978,1.111098,5.077839,0.0,12.4435,29.0,true,true,15.0,3.0,false,0.0,317,18.752,1.506971511230763,11.0,5.74,12682.27,437.319655,1.564292,0.936665,4.502853,0.0,10.727,29.0,false,250,12.68227,1.1822755663279576
44.0,13.71,10771.0,234.152174,1.155729,0.362611,1.33831,0.0,23.0763,46.0,false,false,20.0,3.0,false,0.0,232,10.771,0.46675593574359847,12.0,21.72,4539.46,98.683913,1.123821,0.282667,1.066696,0.0,13.9899,46.0,false,438,4.53946,0.32448123288944164
45.0,58.62,45624.0,970.723404,1.758479,2.052916,5.370687,0.0,15.969,47.0,true,false,20.0,3.0,false,0.0,52,45.623999999999995,2.8570355062934434,13.0,58.45,24335.36,517.773617,1.713122,1.893153,5.258095,0.0,10.6427,47.0,false,66,24.33536,2.286577654166706
46.0,4.05,16648.0,594.571429,1.417442,0.851342,2.702946,0.0,15.0597,28.0,false,true,20.0,3.0,false,0.0,426,16.648,1.1054669083713486,14.0,4.04,8134.9,290.532143,1.380383,0.749608,2.431161,0.0,9.3813,28.0,false,363,8.134899999999998,0.867139948621193
47.0,5.14,19411.0,669.344828,1.497004,0.912729,3.384355,0.0,16.1514,29.0,true,true,20.0,3.0,false,0.0,365,19.411,1.2018153225107422,15.0,5.22,9591.14,330.728966,1.449659,0.81303,3.066259,0.0,10.1119,29.0,false,316,9.59114,0.9485002818461415
48.0,29.74,1293.0,28.108696,1.062743,0.163712,1.827622,0.0,7.2332,46.0,false,false,5.0,4.0,false,0.0,157,1.2930000000000001,0.17875905546646023,16.0,19.46,1278.26,27.788261,1.028134,0.071606,0.871717,0.0,14.9848,46.0,false,498,1.27826,0.0853037744914847
49.0,38.19,2536.0,51.755102,1.118521,0.369841,2.83596,0.0,6.4433,49.0,true,false,5.0,4.0,false,0.0,108,2.536,0.3935871370260581,17.0,36.49,5241.32,109.194167,1.118526,0.383064,2.892632,0.0,12.1173,48.0,false,427,5.24132,0.4325485050299984
50.0,5.83,6883.0,245.821429,1.624705,1.841359,12.093971,0.0,3.3791,28.0,false,true,5.0,4.0,false,0.0,332,6.883,2.0369329111301826,18.0,5.27,13856.01,494.8575,1.560817,1.562517,11.27551,0.0,7.2258,28.0,false,216,13.85601,1.9175745246201112
51.0,3.56,985.0,33.965517,1.076493,0.213342,1.570449,0.0,4.4254,29.0,true,true,5.0,4.0,false,0.0,435,0.985,0.22257874994350793,19.0,2.89,1316.43,45.394138,1.049211,0.137184,1.037448,0.0,8.8412,29.0,false,495,1.31643,0.1488972085237298
52.0,20.47,4055.0,88.152174,1.104872,0.193565,1.180932,0.0,16.7587,46.0,false,false,10.0,4.0,false,0.0,197,4.055000000000001,0.24196387547960166,20.0,14.51,2987.15,64.938043,1.066864,0.122295,0.773316,0.0,19.1706,46.0,false,465,2.98715,0.1558193275119193
53.0,46.39,17700.0,368.75,1.474353,1.264286,4.812184,0.0,11.7346,48.0,true,false,10.0,4.0,false,0.0,82,17.7,1.5083598929661002,21.0,44.28,18417.92,383.706667,1.444399,1.16129,4.560795,0.0,13.1953,48.0,false,125,18.41792,1.395793956939213
54.0,5.2,13581.0,485.035714,1.639136,1.287787,4.856083,0.0,8.4961,28.0,false,true,10.0,4.0,false,0.0,361,13.581,1.598498134438154,22.0,4.82,13667.81,488.136071,1.555259,1.085075,4.318416,0.0,9.9761,28.0,false,223,13.66781,1.3700554324836358
55.0,4.81,8123.0,280.103448,1.353481,0.551834,3.488802,0.0,12.0617,29.0,true,true,10.0,4.0,false,0.0,394,8.123,0.6734539907309914,23.0,4.57,7697.59,265.434138,1.29993,0.454006,3.031028,0.0,13.6865,29.0,false,371,7.69759,0.5624220947649143
56.0,28.48,14575.0,316.847826,1.261487,0.639339,1.97859,0.0,17.7094,46.0,false,false,15.0,4.0,false,0.0,164,14.575,0.8230092493252171,24.0,28.11,8713.04,189.413913,1.215449,0.508449,1.666763,0.0,14.2761,46.0,false,354,8.713040000000001,0.6103235477476343
57.0,68.45,49132.0,1023.583333,1.968252,2.8423,6.413905,0.0,11.7945,48.0,true,false,15.0,4.0,false,0.0,34,49.132,4.1656704396116835,25.0,67.15,36512.02,760.667083,1.8745,2.462775,6.130891,0.0,11.0057,48.0,false,29,36.51201999999999,3.3175554485403014
58.0,5.28,20962.0,748.642857,1.65823,1.365069,3.882089,0.0,11.4345,28.0,false,true,15.0,4.0,false,0.0,353,20.962,1.8332240150421968,26.0,4.95,14117.79,504.206786,1.58622,1.153258,3.461664,0.0,9.7984,28.0,false,209,14.11779,1.4408260532331807
59.0,5.92,19589.0,675.482759,1.59402,1.168864,3.917491,0.0,12.4009,29.0,true,true,15.0,4.0,false,0.0,328,19.589000000000002,1.5796434129780905,27.0,5.54,12957.97,446.826552,1.51336,0.976712,3.455787,0.0,10.5779,29.0,false,239,12.95797,1.2250040178107187
60.0,10.69,12618.0,268.468085,1.164526,0.410462,1.076889,0.0,24.4455,47.0,false,false,20.0,4.0,false,0.0,236,12.617999999999999,0.5161686199914094,28.0,21.38,5528.33,117.624043,1.137017,0.338597,0.897136,0.0,14.419,47.0,false,419,5.52833,0.3834059227408281
61.0,67.44,66638.0,1388.291667,2.022275,2.99847,4.900527,0.0,14.9344,48.0,true,false,20.0,4.0,false,0.0,38,66.63799999999999,4.462047353760445,29.0,68.65,37583.16,782.9825,1.99383,2.789275,4.946986,0.0,10.6433,48.0,false,26,37.58316000000001,3.531156690124304
62.0,2.75,12851.0,458.964286,1.28456,0.624077,1.452608,0.0,16.4604,28.0,false,true,20.0,4.0,false,0.0,457,12.851,0.780722218172098,30.0,2.82,6049.31,216.046786,1.254507,0.545067,1.301248,0.0,9.8277,28.0,false,412,6.04931,0.6155366972943822
63.0,6.13,27852.0,960.413793,1.667242,1.351383,3.251853,0.0,15.2197,29.0,true,true,20.0,4.0,false,0.0,304,27.852,1.8299966490798112,31.0,6.07,14254.24,491.525517,1.619164,1.218524,3.03959,0.0,9.8372,29.0,false,203,14.25424,1.449013947058106
64.0,38.03,6743.0,146.586957,1.327203,0.974704,8.720762,0.0,6.0865,46.0,false,false,5.0,5.0,false,0.0,111,6.743,1.1078616610531504,32.0,35.22,12375.47,269.031957,1.253389,0.71336,7.307008,0.0,13.3731,46.0,false,260,12.37547,0.9254002437729472
65.0,45.21,7903.0,161.285714,1.369351,1.270783,5.75953,0.0,5.689,49.0,true,false,5.0,5.0,false,0.0,88,7.9030000000000005,1.389172086482686,33.0,43.37,16647.68,346.826667,1.356551,1.297115,5.658268,0.0,10.7858,48.0,false,150,16.64768,1.5434812438576648
66.0,6.93,11343.0,405.107143,2.029497,3.03451,17.873816,0.0,3.2481,28.0,false,true,5.0,5.0,false,0.0,280,11.343,3.4921954373325943,34.0,6.78,24011.78,857.563571,1.919622,2.486072,16.776229,0.0,7.2256,28.0,false,69,24.011779999999998,3.323153786536758
67.0,4.87,4062.0,140.068966,1.315446,0.879792,3.758704,0.0,4.3331,29.0,true,true,5.0,5.0,false,0.0,390,4.062,0.9374350926588355,35.0,4.7,7470.53,257.604483,1.269613,0.745906,3.320338,0.0,8.8427,29.0,false,376,7.47053,0.8448245445395637
68.0,8.04,-5996.0,-124.916667,0.866587,-0.220563,-1.319551,0.0,22.4319,48.0,false,false,10.0,5.0,false,0.0,255,-5.9959999999999996,-0.2672979105648652,36.0,6.17,-7122.0,-148.375,0.851569,-0.241731,-1.490071,0.0,24.0824,48.0,false,572,-7.122000000000001,-0.2957346443876026
69.0,46.9,17564.0,358.44898,1.423341,1.336885,3.65043,0.0,10.9655,49.0,true,false,10.0,5.0,false,0.0,79,17.564,1.6017509461492863,37.0,44.01,17510.15,357.35,1.384638,1.1662,3.365189,0.0,12.4635,49.0,false,133,17.510150000000003,1.4049143499017132
70.0,4.12,9924.0,354.428571,1.407942,0.673498,2.695869,0.0,11.8202,28.0,false,true,10.0,5.0,false,0.0,422,9.924,0.8395797025431041,38.0,3.75,9379.14,334.969286,1.340218,0.536258,2.285472,0.0,13.7858,28.0,false,322,9.37914,0.6803478942099842
71.0,4.99,9809.0,338.241379,1.401975,0.666372,3.571591,0.0,11.9963,29.0,true,true,10.0,5.0,false,0.0,386,9.809,0.8176687812075389,39.0,4.7,9273.48,319.775172,1.343763,0.544264,3.143104,0.0,13.6886,29.0,false,329,9.27348,0.6774600762678433
72.0,31.9,21814.0,474.217391,1.377059,0.914173,2.14204,0.0,17.9778,46.0,false,false,15.0,5.0,false,0.0,151,21.814,1.2133853975458622,40.0,31.3,13653.67,296.818913,1.316376,0.747643,1.860902,0.0,14.852,46.0,false,226,13.653670000000002,0.9193152437382172
73.0,71.43,62062.0,1266.571429,2.143515,3.590304,5.816214,0.0,11.3234,49.0,true,false,15.0,5.0,false,0.0,28,62.062,5.480862638430153,41.0,71.17,47651.72,972.484082,2.028861,3.104579,5.515782,0.0,11.0013,49.0,false,14,47.651720000000005,4.331462645323735
74.0,5.42,23899.0,853.535714,1.70374,1.45433,3.012499,0.0,12.0108,28.0,false,true,15.0,5.0,false,0.0,343,23.899,1.9897925200652746,42.0,5.02,16184.2,578.007143,1.61865,1.225278,2.71432,0.0,10.4126,28.0,false,164,16.1842,1.5542899948139755
75.0,6.01,23078.0,795.793103,1.659994,1.156212,3.324681,0.0,14.2233,29.0,true,true,15.0,5.0,false,0.0,320,23.078000000000003,1.6225489162149433,43.0,5.62,15266.84,526.442759,1.560212,0.94457,2.911481,0.0,12.4791,29.0,false,179,15.26684,1.223392712615493
76.0,14.66,19670.0,409.791667,1.240892,0.498631,1.537903,0.0,29.0762,48.0,false,false,20.0,5.0,false,0.0,225,19.67,0.6764983044551902,44.0,22.49,8972.68,186.930833,1.205042,0.417065,1.300727,0.0,18.099,48.0,false,341,8.97268,0.4957555666058898
77.0,33.59,46001.0,938.795918,1.582726,1.135911,2.417525,0.0,27.1442,49.0,true,false,20.0,5.0,false,0.0,145,46.001,1.694689841660465,45.0,40.26,23963.89,489.05898,1.534025,1.019827,2.142972,0.0,18.5317,49.0,false,72,23.96389,1.2931296103433576
78.0,2.34,14063.0,502.25,1.292595,0.559855,1.46286,0.0,19.4815,28.0,false,true,20.0,5.0,false,0.0,477,14.063,0.721864332828581,46.0,2.75,6544.0,233.714286,1.257434,0.479696,1.263584,0.0,11.861,28.0,false,399,6.544,0.5517241379310344
79.0,5.92,31675.0,1092.241379,1.709661,1.316282,2.755787,0.0,17.1287,29.0,true,true,20.0,5.0,false,0.0,325,31.674999999999997,1.8492354936451687,47.0,6.0,16238.24,559.93931,1.65049,1.169648,2.493392,0.0,11.3971,29.0,false,161,16.23824,1.424769458897439
112.0,25.33,121.0,2.574468,1.0081,0.026889,0.318627,0.0,4.3373,47.0,false,false,5.0,3.0,true,5.0,182,0.121,0.027897539944204918,48.0,24.5,-478.21,-10.174681,0.984476,-0.050522,-0.626712,0.0,8.82,47.0,false,520,-0.47821,-0.05421882086167801
113.0,24.79,-888.0,-17.076923,0.937806,-0.169207,-2.374008,0.0,5.1041,52.0,true,false,5.0,3.0,true,5.0,183,-0.8880000000000001,-0.173977782566956,49.0,24.46,-2341.67,-45.032115,0.918673,-0.219954,-3.149938,0.0,10.0948,52.0,false,536,-2.34167,-0.23196794389190478
114.0,5.73,3221.0,115.035714,1.438888,1.099317,12.383552,0.0,2.8236,28.0,false,true,5.0,3.0,true,5.0,334,3.221,1.140742314775464,50.0,5.61,6255.63,223.415357,1.41351,1.018696,11.750137,0.0,5.7097,28.0,false,403,6.255629999999999,1.095614480620698
115.0,2.44,-2158.0,-74.413793,0.735798,-0.375435,-5.0,0.0,5.6519,29.0,true,true,5.0,3.0,true,5.0,465,-2.158,-0.38181850351209323,51.0,2.4,-4468.88,-154.09931,0.722229,-0.396071,-5.0,0.0,10.9163,29.0,false,553,-4.46888,-0.40937680349569
116.0,59.12,8068.0,171.659574,1.518609,1.249884,8.00407,0.0,5.6711,47.0,false,false,10.0,3.0,true,5.0,49,8.068,1.4226516901482957,52.0,56.69,7977.12,169.725957,1.471466,1.10105,7.382682,0.0,6.3294,47.0,false,364,7.97712,1.2603279931747087
117.0,76.09,10631.0,208.45098,1.665519,1.68746,9.321421,0.0,5.6001,51.0,true,false,10.0,3.0,true,5.0,20,10.631,1.8983589578757523,53.0,73.14,10741.66,210.620784,1.6162,1.569773,8.767489,0.0,6.0599,51.0,false,293,10.74166,1.7725804056172543
118.0,8.31,12376.0,442.0,2.498486,3.608163,16.235395,0.0,3.2227,28.0,false,true,10.0,3.0,true,5.0,248,12.376,3.8402581686163773,54.0,8.31,12796.95,457.033929,2.465738,3.548567,15.817783,0.0,3.3861,28.0,false,245,12.79695,3.7792593248870383
119.0,6.17,2699.0,93.068966,1.302714,0.457458,3.728491,0.0,5.6178,29.0,true,true,10.0,3.0,true,5.0,300,2.699,0.4804371818149453,55.0,6.1,2529.36,87.21931,1.275421,0.418773,3.423672,0.0,5.749,29.0,false,474,2.5293600000000005,0.4399652113411029
120.0,54.37,5426.0,108.52,1.327262,0.547196,2.354314,0.0,8.6953,50.0,false,false,15.0,3.0,true,5.0,64,5.426,0.6240152726185411,56.0,52.86,3398.44,67.9688,1.298169,0.48469,2.160638,0.0,6.3997,50.0,false,454,3.39844,0.5310311420847852
121.0,88.23,13867.0,256.796296,1.807771,2.128473,6.84342,0.0,5.5469,54.0,true,false,15.0,3.0,true,5.0,8,13.866999999999999,2.499954929780598,57.0,84.92,9255.97,171.406852,1.747732,1.925014,6.424114,0.0,4.2942,54.0,false,330,9.25597,2.1554585254529366
122.0,7.01,9883.0,352.964286,2.281343,1.363549,5.764093,0.0,7.0219,28.0,false,true,15.0,3.0,true,5.0,275,9.883000000000001,1.4074538230393485,58.0,6.99,6608.79,236.028214,2.242132,1.334799,5.560276,0.0,4.458,28.0,false,396,6.608790000000001,1.482456258411844
123.0,2.89,-7266.0,-250.551724,0.367018,-0.68251,-5.0,0.0,10.3239,29.0,true,true,15.0,3.0,true,5.0,453,-7.266,-0.7038037950774416,59.0,2.92,-4791.1,-165.210345,0.366529,-0.681148,-5.0,0.0,6.8907,29.0,false,558,-4.7911,-0.6952994615931618
124.0,63.19,10207.0,204.14,1.531366,0.9733,3.875777,0.0,10.1638,50.0,false,false,20.0,3.0,true,5.0,43,10.206999999999999,1.0042503787953323,60.0,62.3,4966.47,99.3294,1.500191,0.957427,3.680129,0.0,5.1063,50.0,false,430,4.96647,0.9726161800129253
125.0,89.15,22349.0,421.679245,2.169737,2.204913,7.426368,0.0,8.8853,53.0,true,false,20.0,3.0,true,5.0,5,22.349,2.515278043510067,61.0,89.48,11508.44,217.140377,2.140818,2.224464,7.4111,0.0,4.831,53.0,false,273,11.50844,2.3822065824880974
126.0,7.67,15674.0,559.785714,3.001277,1.900339,7.820153,0.0,7.9907,28.0,false,true,20.0,3.0,true,5.0,260,15.674,1.9615302789492783,62.0,7.73,7944.53,283.733214,2.9796,1.938494,7.643112,0.0,4.0335,28.0,false,365,7.944529999999999,1.9696367918681044
127.0,3.46,-756.0,-26.068966,0.938835,-0.076263,-0.513723,0.0,9.5423,29.0,true,true,20.0,3.0,true,5.0,440,-0.756,-0.0792261823669346,63.0,3.48,-484.09,-16.692759,0.921682,-0.097965,-0.666208,0.0,4.8486,29.0,false,521,-0.48408999999999996,-0.09984119127170729
128.0,42.66,3061.0,63.770833,1.204216,0.730723,6.415215,0.0,3.9058,48.0,false,false,5.0,4.0,true,5.0,94,3.061,0.7837062829637974,64.0,41.87,5235.12,109.065,1.160525,0.548222,5.282783,0.0,8.3193,48.0,false,428,5.23512,0.6292740975803253
129.0,23.67,-306.0,-5.884615,0.978715,-0.04868,-0.612193,0.0,6.0136,52.0,true,false,5.0,4.0,true,5.0,186,-0.306,-0.05088466143408274,65.0,22.98,-1285.66,-25.20902,0.956379,-0.098922,-1.330471,0.0,11.9316,51.0,false,529,-1.28566,-0.10775252271279628
130.0,6.82,4711.0,168.25,1.641913,1.60785,13.815113,0.0,2.7571,28.0,false,true,5.0,4.0,true,5.0,282,4.711,1.7086794095245006,66.0,6.51,9298.94,332.105,1.597397,1.442732,13.085647,0.0,5.71,28.0,false,326,9.29894,1.628535901926445
131.0,2.41,-2266.0,-78.137931,0.725865,-0.394224,-5.0,0.0,5.5969,29.0,true,true,5.0,4.0,true,5.0,470,-2.266,-0.40486697993532134,67.0,2.36,-4727.26,-163.008966,0.714352,-0.410949,-5.0,0.0,10.9161,29.0,false,557,-4.72726,-0.43305392951695204
132.0,27.57,-2517.0,-50.34,0.862082,-0.185852,-1.405031,0.0,12.2754,50.0,false,false,10.0,4.0,true,5.0,165,-2.5170000000000003,-0.20504423481108563,68.0,27.42,-2896.54,-57.9308,0.843916,-0.207072,-1.599383,0.0,12.6691,50.0,false,540,-2.89654,-0.2286302894443962
133.0,41.18,1986.0,36.777778,1.112286,0.240902,1.162225,0.0,7.7301,54.0,true,false,10.0,4.0,true,5.0,95,1.986,0.25691776303023245,69.0,38.39,1462.13,27.076481,1.081143,0.174096,0.854941,0.0,7.8909,54.0,false,491,1.46213,0.18529318582164264
134.0,6.72,7170.0,256.071429,1.837323,1.122944,5.296413,0.0,5.6577,28.0,false,true,10.0,4.0,true,5.0,286,7.17,1.2672994326316347,70.0,6.63,7071.35,252.548214,1.795013,1.019671,5.041024,0.0,6.1232,28.0,false,388,7.07135,1.1548455056179776
135.0,2.55,-5677.0,-195.758621,0.394776,-0.626808,-5.0,0.0,8.783,29.0,true,true,10.0,4.0,true,5.0,460,-5.6770000000000005,-0.6463622907890243,71.0,2.55,-5619.05,-193.760345,0.393617,-0.625637,-5.0,0.0,8.7098,29.0,false,563,-5.6190500000000005,-0.6451411054214794
136.0,71.31,12836.0,256.72,1.774186,1.294474,5.07824,0.0,8.2668,50.0,false,false,15.0,4.0,true,5.0,29,12.836,1.5527168916630378,72.0,69.61,8455.36,169.1072,1.721975,1.161235,4.823915,0.0,6.3979,50.0,false,356,8.45536,1.3215836446333955
137.0,83.3,16739.0,309.981481,1.889663,1.737132,5.9769,0.0,8.4123,54.0,true,false,15.0,4.0,true,5.0,15,16.739,1.989824423760446,73.0,82.64,11328.96,209.795556,1.837991,1.710899,5.753692,0.0,6.0291,54.0,false,279,11.328959999999999,1.8790466238742098
138.0,7.97,15793.0,564.035714,3.047582,2.178946,8.232331,0.0,7.0219,28.0,false,true,15.0,4.0,true,5.0,258,15.793,2.2491063672225464,74.0,7.89,10740.26,383.580714,2.980009,2.088326,7.961458,0.0,4.458,28.0,false,294,10.74026,2.4092104082548227
139.0,2.89,-5776.0,-199.172414,0.49682,-0.555866,-4.447169,0.0,9.9574,29.0,true,true,15.0,4.0,true,5.0,452,-5.776,-0.580071102898347,75.0,2.92,-3871.8,-133.510345,0.492181,-0.560657,-4.468549,0.0,6.7133,29.0,false,547,-3.8718000000000004,-0.5767357335438608
140.0,29.67,-6805.0,-130.865385,0.695648,-0.421911,-1.320545,0.0,15.2795,52.0,false,false,20.0,4.0,true,5.0,158,-6.805,-0.44536797670080824,76.0,31.95,-3488.67,-67.089808,0.681063,-0.442439,-1.381434,0.0,7.6799,52.0,false,544,-3.48867,-0.45425982109142043
141.0,92.71,35378.0,667.509434,2.85167,3.490331,8.252691,0.0,8.5836,53.0,true,false,20.0,4.0,true,5.0,2,35.378,4.121580688755301,77.0,92.88,18862.93,355.90434,2.824783,3.597812,8.20623,0.0,4.8028,53.0,false,119,18.86293,3.9274860498042803
142.0,3.22,-1891.0,-67.535714,0.802898,-0.15379,-0.507965,0.0,11.2456,28.0,false,true,20.0,4.0,true,5.0,447,-1.891,-0.16815465604325247,78.0,3.27,-1010.74,-36.097857,0.788438,-0.163633,-0.541995,0.0,5.9031,28.0,false,528,-1.01074,-0.1712219003574393
143.0,5.36,3274.0,112.896552,1.264887,0.330273,2.082673,0.0,9.3612,29.0,true,true,20.0,4.0,true,5.0,345,3.274,0.34974148613425626,79.0,5.16,1473.56,50.812414,1.236083,0.295298,1.889566,0.0,4.8489,29.0,false,490,1.47356,0.3038957289282105
144.0,43.09,4991.0,103.979167,1.332756,0.872705,9.208473,0.0,5.1657,48.0,false,false,5.0,5.0,true,5.0,93,4.9910000000000005,0.9661807693052249,80.0,41.0,9025.74,188.03625,1.266586,0.665984,7.839963,0.0,11.0562,48.0,false,337,9.02574,0.8163510066749878
145.0,43.22,2629.0,50.557692,1.182874,0.490119,3.610385,0.0,5.0574,52.0,true,false,5.0,5.0,true,5.0,92,2.629,0.5198323249100328,81.0,41.91,4382.77,85.936667,1.144084,0.377075,3.009398,0.0,10.3665,51.0,false,444,4.382770000000001,0.4227820382964357
146.0,8.12,7661.0,273.607143,2.043875,2.614676,19.239989,0.0,2.6945,28.0,false,true,5.0,5.0,true,5.0,252,7.661,2.843199109296715,82.0,7.97,15648.37,558.870357,1.974304,2.315577,18.367794,0.0,5.7103,28.0,false,172,15.64837,2.740376162373255
147.0,2.42,-1121.0,-38.655172,0.864384,-0.190809,-2.0368,0.0,5.6736,29.0,true,true,5.0,5.0,true,5.0,466,-1.121,-0.1975817822899041,83.0,2.36,-2615.06,-90.174483,0.844251,-0.219306,-2.417025,0.0,11.1329,29.0,false,539,-2.61506,-0.23489477135337605
148.0,29.76,1286.0,25.72,1.070466,0.094957,0.633242,0.0,11.8664,50.0,false,false,10.0,5.0,true,5.0,154,1.286,0.10837322187015438,84.0,28.55,705.81,14.1162,1.037107,0.048658,0.337749,0.0,12.6679,50.0,false,501,0.7058099999999999,0.05571641708570481
149.0,60.34,7006.0,129.740741,1.39611,0.84983,3.990113,0.0,7.5152,54.0,true,false,10.0,5.0,true,5.0,48,7.005999999999999,0.932243985522674,85.0,58.52,6395.15,118.428704,1.346,0.740268,3.569354,0.0,7.8886,54.0,false,401,6.395149999999999,0.8106825038663387
150.0,7.42,10973.0,391.892857,2.281443,1.718559,6.836399,0.0,5.4733,28.0,false,true,10.0,5.0,true,5.0,262,10.972999999999999,2.004823415489741,86.0,7.18,11045.54,394.483571,2.218072,1.535935,6.522513,0.0,6.1225,28.0,false,284,11.04554,1.8040898325847288
151.0,2.56,-4677.0,-161.275862,0.501386,-0.530754,-4.209065,0.0,8.4833,29.0,true,true,10.0,5.0,true,5.0,459,-4.677,-0.5513184727641366,87.0,2.56,-4708.48,-162.361379,0.49593,-0.535953,-4.301179,0.0,8.4613,29.0,false,555,-4.70848,-0.556472409677
152.0,38.36,4136.0,81.098039,1.236262,0.259571,0.952241,0.0,13.7521,51.0,false,false,15.0,5.0,true,5.0,101,4.136,0.3007540666516387,88.0,38.02,2389.64,46.855686,1.200388,0.215529,0.812577,0.0,10.01,51.0,false,480,2.38964,0.23872527472527472
153.0,92.46,24828.0,459.777778,2.319585,2.576588,6.656635,0.0,8.1969,54.0,true,false,15.0,5.0,true,5.0,3,24.828,3.0289499688906782,89.0,92.55,17301.77,320.403148,2.244351,2.579409,6.3742,0.0,5.9929,54.0,false,137,17.30177,2.8870446695256056
154.0,5.54,5732.0,204.714286,1.666589,0.447358,1.591043,0.0,10.8728,28.0,false,true,15.0,5.0,true,5.0,339,5.732,0.527187109116327,90.0,5.31,3642.59,130.0925,1.615552,0.401194,1.47212,0.0,8.0894,28.0,false,453,3.64259,0.4502917398076496
155.0,2.9,-4276.0,-147.448276,0.627494,-0.41151,-3.159496,0.0,9.8163,29.0,true,true,15.0,5.0,true,5.0,451,-4.276,-0.4356020089035583,91.0,2.92,-2945.2,-101.558621,0.616748,-0.422425,-3.242921,0.0,6.7131,29.0,false,542,-2.9452,-0.43872428535251967
156.0,30.09,-2835.0,-54.519231,0.873205,-0.17577,-0.539252,0.0,14.994,52.0,false,false,20.0,5.0,true,5.0,153,-2.835,-0.18907563025210083,92.0,32.1,-1632.18,-31.388077,0.85193,-0.20491,-0.633302,0.0,7.6829,52.0,false,531,-1.6321800000000002,-0.21244321805568211
157.0,92.33,38699.0,730.169811,2.965015,3.133522,6.248594,0.0,9.769,53.0,true,false,20.0,5.0,true,5.0,4,38.699,3.96140853720954,93.0,92.52,20681.34,390.213962,2.922894,3.075265,6.141054,0.0,5.9146,53.0,false,91,20.681340000000002,3.496659114733034
158.0,3.28,119.0,4.25,1.012404,0.009678,0.03185,0.0,11.0426,28.0,false,true,20.0,5.0,true,5.0,446,0.11900000000000001,0.010776447575752088,94.0,3.31,-49.31,-1.761071,0.989725,-0.007904,-0.026239,0.0,5.9044,28.0,false,511,-0.04931,-0.00835139895671025
159.0,6.8,7165.0,247.068966,1.579693,0.722788,4.103607,0.0,9.1876,29.0,true,true,20.0,5.0,true,5.0,283,7.165000000000001,0.7798554573555663,95.0,6.65,3382.21,116.627931,1.536655,0.671147,3.883212,0.0,4.8502,29.0,false,455,3.38221,0.6973341305513175
272.0,22.98,581.0,12.911111,1.033335,0.088164,1.259803,0.0,6.1994,45.0,false,false,5.0,3.0,true,10.0,187,0.581,0.09371874697551376,144.0,17.78,290.01,6.444667,1.007826,0.02035,0.308236,0.0,12.6275,45.0,false,506,0.29001,0.02296654127895466
273.0,46.26,5182.0,103.64,1.329896,1.225639,10.200859,0.0,4.0658,50.0,true,false,5.0,3.0,true,10.0,83,5.1819999999999995,1.2745339170642922,145.0,44.66,10268.32,209.557551,1.313506,1.170227,10.057568,0.0,8.1297,49.0,false,304,10.268320000000001,1.2630625976358294
274.0,6.8,6121.0,218.607143,1.688604,2.488211,16.799323,0.0,2.3038,28.0,false,true,5.0,3.0,true,10.0,284,6.121,2.65691466273114,146.0,6.57,12439.94,444.283571,1.643334,2.26424,16.040856,0.0,4.814,28.0,false,257,12.43994,2.5841171582883256
275.0,4.56,1332.0,45.931034,1.144814,0.25527,3.987461,0.0,5.0818,29.0,true,true,5.0,3.0,true,10.0,407,1.332,0.26211185013184307,147.0,4.5,2292.05,79.036207,1.123864,0.218345,3.439184,0.0,9.964,29.0,false,482,2.29205,0.2300331192292252
276.0,50.51,13318.0,295.955556,1.608017,1.800703,8.480358,0.0,6.1626,45.0,false,false,10.0,3.0,true,10.0,70,13.318,2.1611008340635443,148.0,45.37,13549.65,301.103333,1.532761,1.527776,7.621354,0.0,7.2921,45.0,false,232,13.54965,1.8581272884354303
277.0,78.32,16404.0,334.77551,1.859208,2.60381,10.632378,0.0,5.4189,49.0,true,false,10.0,3.0,true,10.0,18,16.404,3.027182638542878,149.0,77.09,17191.99,350.856939,1.804714,2.419693,10.087665,0.0,6.0612,49.0,false,138,17.19199,2.836400382762489
278.0,7.65,17656.0,630.571429,2.523908,4.588358,13.419103,0.0,3.1853,28.0,false,true,10.0,3.0,true,10.0,261,17.656,5.542962986217939,150.0,7.65,18747.46,669.552143,2.433801,4.040871,12.738864,0.0,3.7856,28.0,false,121,18.74746,4.952308748943365
279.0,6.08,6481.0,223.482759,1.586781,1.038622,6.447429,0.0,5.6586,29.0,true,true,10.0,3.0,true,10.0,307,6.481000000000001,1.1453363022655783,151.0,5.85,6376.4,219.875862,1.537439,0.950064,5.990423,0.0,6.0672,29.0,false,402,6.3764,1.050962552742616
280.0,45.85,13677.0,284.9375,1.524988,0.850242,4.224606,0.0,13.0854,48.0,false,false,15.0,3.0,true,10.0,84,13.677,1.0452106928332339,152.0,44.89,9064.63,188.846458,1.482906,0.765072,3.885862,0.0,10.2033,48.0,false,336,9.06463,0.8884017915772348
281.0,85.44,22602.0,434.653846,2.038934,2.566076,8.353125,0.0,7.0652,52.0,true,false,15.0,3.0,true,10.0,12,22.602,3.199060182301987,153.0,84.13,15651.14,300.983462,1.963461,2.340452,7.939222,0.0,5.6979,52.0,false,171,15.65114,2.7468260236227384
282.0,6.38,18303.0,653.678571,2.45435,1.735375,7.027106,0.0,8.5332,28.0,false,true,15.0,3.0,true,10.0,299,18.303,2.1449163268176066,154.0,6.2,12594.14,449.790714,2.382891,1.593485,6.687959,0.0,6.7743,28.0,false,255,12.594139999999998,1.8591057378622142
283.0,2.47,66.0,2.275862,1.005047,0.005348,0.040589,0.0,11.0025,29.0,true,true,15.0,3.0,true,10.0,462,0.066,0.005998636673483299,155.0,2.49,-122.16,-4.212414,0.986505,-0.014238,-0.107968,0.0,7.9228,29.0,false,517,-0.12216,-0.015418791336396225
284.0,48.02,17430.0,363.125,1.585331,1.008389,4.417013,0.0,13.7376,48.0,false,false,20.0,3.0,true,10.0,75,17.43,1.268780573025856,156.0,47.65,8664.91,180.518958,1.54842,0.920342,4.165216,0.0,8.3009,48.0,false,355,8.664909999999999,1.0438518714838148
285.0,89.03,43613.0,855.156863,3.024181,4.349122,12.972377,0.0,7.446,51.0,true,false,20.0,3.0,true,10.0,6,43.613,5.857238785925329,157.0,89.1,23511.63,461.012353,2.910195,4.055897,12.684618,0.0,4.8945,51.0,false,73,23.51163,4.803683726631934
286.0,7.14,26916.0,961.285714,2.871506,2.626976,8.870152,0.0,7.8567,28.0,false,true,20.0,3.0,true,10.0,272,26.916,3.4258658215281224,158.0,7.07,14020.73,500.740357,2.799782,2.423564,8.488107,0.0,4.9842,28.0,false,210,14.02073,2.813035191204205
287.0,6.06,9056.0,312.275862,1.626323,0.732568,4.696397,0.0,10.6426,29.0,true,true,20.0,3.0,true,10.0,308,9.056000000000001,0.850919887997294,159.0,5.94,4418.33,152.356207,1.582191,0.678951,4.373504,0.0,6.0112,29.0,false,443,4.41833,0.7350163029012511
288.0,36.19,4422.0,96.130435,1.252989,0.704252,7.072996,0.0,5.672,46.0,false,false,5.0,4.0,true,10.0,120,4.422000000000001,0.7796191819464036,160.0,34.78,7922.42,172.226522,1.198736,0.530852,5.943909,0.0,12.1485,46.0,false,367,7.92242,0.6521315388731119
289.0,36.82,1496.0,29.333333,1.090371,0.317016,2.016151,0.0,4.5483,51.0,true,false,5.0,4.0,true,10.0,113,1.496,0.32891409977354175,161.0,32.23,2420.49,48.4098,1.071659,0.249019,1.651494,0.0,9.0885,50.0,false,479,2.4204899999999996,0.2663244759861363
290.0,7.21,9012.0,321.857143,2.013837,3.454197,17.34548,0.0,2.3374,28.0,false,true,5.0,4.0,true,10.0,270,9.012,3.855566013519295,162.0,7.15,18837.5,672.767857,1.926075,2.953822,16.494859,0.0,5.0931,28.0,false,120,18.8375,3.6986314818087216
291.0,2.4,-1405.0,-48.448276,0.850611,-0.240706,-2.820194,0.0,5.6033,29.0,true,true,5.0,4.0,true,10.0,472,-1.405,-0.2507450966394803,163.0,2.35,-3159.5,-108.948276,0.835575,-0.26162,-3.217708,0.0,11.1375,29.0,false,543,-3.1595,-0.28368125701459035
292.0,19.89,1574.0,32.122449,1.060676,0.081962,0.645195,0.0,15.9929,49.0,false,false,10.0,4.0,true,10.0,198,1.574,0.09841867328627078,164.0,17.08,843.17,17.207551,1.029681,0.039544,0.319659,0.0,17.555,49.0,false,500,0.84317,0.0480301908288237
293.0,56.94,10809.0,207.865385,1.519539,1.483123,4.901195,0.0,6.5815,52.0,true,false,10.0,4.0,true,10.0,55,10.809000000000001,1.6423307756590444,165.0,54.62,10730.51,206.355962,1.487569,1.384518,4.668789,0.0,6.9911,52.0,false,296,10.73051,1.5348814921829184
294.0,5.47,11420.0,407.857143,1.936526,1.140176,5.803951,0.0,8.2958,28.0,false,true,10.0,4.0,true,10.0,340,11.42,1.3766002073338317,166.0,5.35,11533.08,411.895714,1.853786,0.993546,5.360192,0.0,9.4868,28.0,false,272,11.53308,1.215697600877008
295.0,2.46,95.0,3.275862,1.008254,0.009249,0.066097,0.0,9.3274,29.0,true,true,10.0,4.0,true,10.0,464,0.095,0.01018504620794648,167.0,2.43,-172.62,-5.952414,0.98564,-0.015975,-0.116982,0.0,9.7894,29.0,false,518,-0.17262,-0.017633358530655605
296.0,54.44,21057.0,438.6875,1.805208,1.309026,5.733014,0.0,12.6352,48.0,false,false,15.0,4.0,true,10.0,63,21.057000000000002,1.6665347600354568,168.0,53.32,14327.44,298.488333,1.750323,1.176397,5.435271,0.0,10.202,48.0,false,200,14.32744,1.4043756126249753
297.0,86.95,37503.0,721.211538,2.72388,4.257834,12.110006,0.0,6.5173,52.0,true,false,15.0,4.0,true,10.0,11,37.503,5.754376812483698,169.0,86.95,27182.29,522.736346,2.575339,3.800528,11.571097,0.0,5.6987,52.0,false,52,27.182290000000002,4.769910681383474
298.0,7.16,28713.0,1025.464286,3.281526,2.722386,10.123049,0.0,7.9595,28.0,false,true,15.0,4.0,true,10.0,271,28.713,3.607387398705949,170.0,7.07,20402.94,728.676429,3.152447,2.43742,9.630152,0.0,6.7745,28.0,false,96,20.40294,3.011726326666175
299.0,4.78,4536.0,156.413793,1.346842,0.367585,2.634844,0.0,10.5808,29.0,true,true,15.0,4.0,true,10.0,395,4.536,0.4287010433993648,171.0,4.56,2799.79,96.544483,1.301382,0.31706,2.290178,0.0,7.9226,29.0,false,468,2.79979,0.35339282558755963
300.0,16.89,6468.0,129.36,1.196369,0.271388,0.973937,0.0,20.2872,50.0,false,false,20.0,4.0,true,10.0,208,6.468,0.31882172009937304,172.0,24.63,2889.38,57.7876,1.172812,0.23669,0.851331,0.0,11.2174,50.0,false,467,2.88938,0.25758018792233495
301.0,88.94,54278.0,1043.807692,3.269147,5.376189,8.219079,0.0,8.0631,52.0,true,false,20.0,4.0,true,10.0,7,54.278000000000006,6.731654078456177,173.0,89.05,29816.66,573.397308,3.181922,5.064693,8.177505,0.0,4.8957,52.0,false,41,29.81666,6.090377269849052
302.0,5.26,15411.0,550.392857,1.954596,0.923146,3.146138,0.0,13.5323,28.0,false,true,20.0,4.0,true,10.0,354,15.411,1.1388307974254193,174.0,5.31,7652.96,273.32,1.903171,0.857996,2.96179,0.0,7.9604,28.0,false,372,7.65296,0.9613788251846641
303.0,5.6,8390.0,289.310345,1.553978,0.678693,2.787765,0.0,10.8945,29.0,true,true,20.0,4.0,true,10.0,338,8.39,0.7701133599522695,175.0,5.42,4028.93,138.928621,1.511385,0.627458,2.575537,0.0,6.0117,29.0,false,450,4.02893,0.6701814794484089
304.0,52.5,9872.0,214.608696,1.564792,1.862993,14.274301,0.0,4.601,46.0,false,false,5.0,5.0,true,10.0,65,9.872,2.1456205172788523,176.0,43.84,19745.16,429.242609,1.460398,1.408086,12.685119,0.0,10.4829,46.0,false,105,19.745160000000002,1.883558938843259
305.0,45.56,5431.0,106.490196,1.328078,1.150879,5.496,0.0,4.4399,51.0,true,false,5.0,5.0,true,10.0,85,5.431,1.2232257483276652,177.0,43.07,10360.99,207.2198,1.295959,1.028698,5.107009,0.0,8.9408,50.0,false,302,10.36099,1.1588437276306371
306.0,7.24,13472.0,481.142857,2.515581,5.163664,23.040032,0.0,2.2476,28.0,false,true,5.0,5.0,true,10.0,269,13.472000000000001,5.9939491012635715,178.0,7.24,29438.88,1051.388571,2.369785,4.238255,21.930105,0.0,5.0929,28.0,false,45,29.43888,5.780376602721436
307.0,2.53,240.0,8.275862,1.025518,0.040241,0.339483,0.0,5.652,29.0,true,true,5.0,5.0,true,10.0,461,0.24,0.04246284501061571,179.0,2.41,-57.3,-1.975862,0.997084,-0.004561,-0.040363,0.0,11.2913,29.0,false,512,-0.0573,-0.005074703532808446
308.0,24.09,3407.0,69.530612,1.130837,0.177411,1.186462,0.0,15.7525,49.0,false,false,10.0,5.0,true,10.0,184,3.4070000000000005,0.21628312966195845,180.0,19.04,2537.77,51.791224,1.08872,0.117048,0.823498,0.0,17.5557,49.0,false,473,2.53777,0.1445553296080475
309.0,76.25,18651.0,358.673077,1.896467,2.559138,7.819286,0.0,6.3041,52.0,true,false,10.0,5.0,true,10.0,19,18.651,2.9585507844101455,181.0,74.97,19307.52,371.298462,1.844151,2.377522,7.521559,0.0,6.9895,52.0,false,116,19.30752,2.7623606838829673
310.0,6.11,17253.0,616.178571,2.414876,1.722544,7.710295,0.0,7.9135,28.0,false,true,10.0,5.0,true,10.0,305,17.253,2.1801983951475328,182.0,5.77,17931.7,640.417857,2.27571,1.461152,7.099044,0.0,9.4856,28.0,false,128,17.9317,1.8904128362992325
311.0,4.33,3105.0,107.068966,1.269789,0.302307,2.11238,0.0,9.0793,29.0,true,true,10.0,5.0,true,10.0,414,3.105,0.3419867170376571,183.0,3.94,2748.85,94.787931,1.223064,0.247103,1.788833,0.0,9.7911,29.0,false,470,2.74885,0.2807498646730194
312.0,41.06,15327.0,312.795918,1.535965,0.648789,2.750896,0.0,18.7153,49.0,false,false,15.0,5.0,true,10.0,96,15.326999999999998,0.8189556138560429,184.0,43.5,9955.65,203.176531,1.486747,0.577789,2.523511,0.0,14.5478,49.0,false,306,9.955649999999999,0.6843405875802525
313.0,86.97,51180.0,984.230769,3.352563,5.810627,9.921315,0.0,6.0744,52.0,true,false,15.0,5.0,true,10.0,10,51.18000000000001,8.425523508494667,185.0,86.98,38632.67,742.935962,3.124362,5.076166,9.547299,0.0,5.6988,52.0,false,20,38.63267,6.77908858005194
314.0,5.67,23142.0,826.5,2.717913,1.404674,4.997865,0.0,12.5403,28.0,false,true,15.0,5.0,true,10.0,335,23.142,1.8454103968804574,186.0,5.59,15954.92,569.818571,2.594625,1.261873,4.692212,0.0,10.3187,28.0,false,166,15.95492,1.5462141548838517
315.0,6.0,8634.0,297.724138,1.660193,0.699676,3.156072,0.0,10.2217,29.0,true,true,15.0,5.0,true,10.0,321,8.634,0.8446735865854017,187.0,5.73,5522.86,190.443448,1.580676,0.609406,2.829838,0.0,7.9213,29.0,false,420,5.52286,0.6972163660005302
316.0,38.39,16170.0,323.4,1.490922,0.678471,2.318065,0.0,19.3263,50.0,false,false,20.0,5.0,true,10.0,100,16.17,0.8366836901010541,188.0,43.38,7801.17,156.0234,1.456054,0.621569,2.15437,0.0,11.2151,50.0,false,368,7.80117,0.6955952242958154
317.0,79.85,42581.0,818.865385,2.655367,2.616666,4.403551,0.0,12.0002,52.0,true,false,20.0,5.0,true,10.0,17,42.581,3.5483575273745442,189.0,79.81,22707.19,436.676731,2.564731,2.465389,4.100351,0.0,7.7622,52.0,false,82,22.70719,2.9253549251500863
318.0,5.63,23153.0,826.892857,2.434155,1.386905,4.516391,0.0,12.9206,28.0,false,true,20.0,5.0,true,10.0,336,23.153000000000002,1.7919446465334428,190.0,5.61,11734.7,419.096429,2.356555,1.278893,4.257276,0.0,7.962,28.0,false,271,11.7347,1.4738382316001006
319.0,6.59,14291.0,492.793103,1.943612,1.156043,4.422642,0.0,10.5226,29.0,true,true,20.0,5.0,true,10.0,293,14.291,1.3581244179195255,191.0,6.53,7015.43,241.911379,1.874252,1.071925,4.132891,0.0,6.0108,29.0,false,393,7.01543,1.1671374858587875
432.0,17.64,-1558.0,-34.622222,0.92038,-0.215819,-3.045742,0.0,6.889,45.0,false,false,5.0,3.0,true,15.0,204,-1.558,-0.22615764261866744,240.0,16.59,-3982.33,-88.496222,0.901531,-0.264818,-3.907818,0.0,13.7402,45.0,false,548,-3.9823299999999997,-0.2898305701518173
433.0,38.32,3262.0,67.958333,1.169384,0.739683,5.862054,0.0,4.2196,48.0,true,false,5.0,3.0,true,15.0,102,3.2620000000000005,0.7730590577305907,241.0,37.18,7027.35,149.518085,1.180377,0.841526,6.356033,0.0,7.6691,47.0,false,389,7.02735,0.9163200375532983
434.0,5.05,4492.0,160.428571,1.427077,1.721732,10.85389,0.0,2.456,28.0,false,true,5.0,3.0,true,15.0,374,4.492,1.8289902280130292,242.0,4.71,8813.59,314.771071,1.393267,1.535059,10.165501,0.0,5.0932,28.0,false,346,8.81359,1.7304621848739494
435.0,4.55,1752.0,60.413793,1.148752,0.596324,4.672903,0.0,2.8719,29.0,true,true,5.0,3.0,true,15.0,408,1.752,0.6100490964170061,243.0,4.51,3036.67,104.712759,1.12701,0.500613,4.022039,0.0,5.8079,29.0,false,457,3.03667,0.522851633120405
436.0,33.45,6112.0,135.822222,1.209962,0.587466,3.100699,0.0,8.9292,45.0,false,false,10.0,3.0,true,15.0,147,6.112,0.6844958114948708,244.0,32.37,5595.14,124.336444,1.172354,0.473534,2.58565,0.0,10.0636,45.0,false,416,5.595140000000001,0.5559779800469018
437.0,57.7,17637.0,383.413043,1.657386,2.127503,9.760406,0.0,6.8806,46.0,true,false,10.0,3.0,true,15.0,53,17.637,2.5632938987878964,245.0,53.92,18416.37,400.35587,1.603271,1.889992,9.0492,0.0,7.9875,46.0,false,126,18.416369999999997,2.3056488262910797
438.0,6.87,13260.0,473.571429,1.829683,3.11487,8.548902,0.0,3.6225,28.0,false,true,10.0,3.0,true,15.0,281,13.26,3.660455486542443,246.0,6.77,13615.92,486.282857,1.771714,2.745893,7.998061,0.0,4.1819,28.0,false,231,13.615920000000001,3.2559171668380404
439.0,5.13,7614.0,262.551724,1.403241,0.904276,5.794743,0.0,7.2722,29.0,true,true,10.0,3.0,true,15.0,366,7.614,1.0470009075657984,247.0,4.95,7396.52,255.052414,1.359007,0.777555,5.211876,0.0,8.1554,29.0,false,382,7.396520000000001,0.9069475439586042
440.0,34.59,8882.0,185.041667,1.251986,0.50229,2.161027,0.0,14.9323,48.0,false,false,15.0,3.0,true,15.0,142,8.882,0.5948179449917294,248.0,34.29,5654.21,117.796042,1.227648,0.449231,1.953204,0.0,11.1711,48.0,false,415,5.65421,0.5061462165767024
441.0,72.77,32487.0,649.74,1.960046,2.753602,7.806601,0.0,9.0552,50.0,true,false,15.0,3.0,true,15.0,24,32.487,3.587662337662338,249.0,71.55,22903.46,458.0692,1.875531,2.471254,7.331681,0.0,7.621,50.0,false,79,22.90346,3.005309014565017
442.0,5.31,13407.0,478.821429,1.766947,1.086995,4.554886,0.0,10.1016,28.0,false,true,15.0,3.0,true,15.0,349,13.407,1.3272154906153482,250.0,5.21,8965.04,320.18,1.718083,0.984602,4.249817,0.0,7.8829,28.0,false,342,8.96504,1.1372768904844663
443.0,2.67,2580.0,88.965517,1.108944,0.147639,0.962061,0.0,14.5862,29.0,true,true,15.0,3.0,true,15.0,458,2.58,0.17687951625509044,251.0,2.65,1407.59,48.537586,1.083506,0.112395,0.727205,0.0,11.0086,29.0,false,492,1.40759,0.1278627618407427
444.0,27.23,8389.0,174.770833,1.197203,0.432824,1.553685,0.0,16.4767,48.0,false,false,20.0,3.0,true,15.0,166,8.389000000000001,0.5091432143572439,252.0,28.03,3804.98,79.270417,1.173994,0.377016,1.372567,0.0,9.2712,48.0,false,451,3.80498,0.41040857709897316
445.0,71.79,48513.0,990.061224,2.209348,3.438687,8.394975,0.0,10.0542,49.0,true,false,20.0,3.0,true,15.0,25,48.513,4.825147699468879,253.0,71.81,26036.24,531.351837,2.114085,3.11911,7.959043,0.0,6.8727,49.0,false,57,26.03624,3.788356832103831
446.0,6.62,26310.0,939.642857,2.406275,2.099258,7.262707,0.0,9.7631,28.0,false,true,20.0,3.0,true,15.0,292,26.31,2.6948407780315677,254.0,6.48,13639.18,487.113571,2.366004,1.955502,7.001043,0.0,6.071,28.0,false,227,13.639180000000001,2.2466117608301768
447.0,5.11,12590.0,434.137931,1.440934,0.767777,3.598607,0.0,13.0324,29.0,true,true,20.0,3.0,true,15.0,368,12.590000000000002,0.966053835057242,255.0,5.0,6017.72,207.507586,1.391053,0.673516,3.1694,0.0,7.8831,29.0,false,413,6.01772,0.7633697403305806
448.0,33.51,1793.0,38.978261,1.089168,0.242363,2.538449,0.0,6.7753,46.0,false,false,5.0,4.0,true,15.0,146,1.7930000000000001,0.2646377282186767,256.0,26.08,2313.21,50.287174,1.0521,0.137557,1.576273,0.0,14.116,46.0,false,481,2.3132099999999998,0.16387149334088977
449.0,21.25,26.0,0.530612,1.001293,0.004439,0.03241,0.0,5.609,49.0,true,false,5.0,4.0,true,15.0,191,0.026,0.00463540738099483,257.0,20.39,154.98,3.22875,1.003866,0.013855,0.098352,0.0,10.3076,48.0,false,508,0.15497999999999998,0.01503550778066669
450.0,6.46,7383.0,263.678571,1.70194,2.280111,13.003723,0.0,2.9271,28.0,false,true,5.0,4.0,true,15.0,294,7.383000000000001,2.522291688018859,258.0,5.99,15007.12,535.968571,1.637091,1.944774,12.207956,0.0,6.2878,28.0,false,184,15.007120000000002,2.3867044117179304
451.0,2.46,-25.0,-0.862069,0.997914,-0.005429,-0.04533,0.0,4.4139,29.0,true,true,5.0,4.0,true,15.0,463,-0.025,-0.005663925326808492,259.0,2.41,-630.19,-21.73069,0.97469,-0.065196,-0.567691,0.0,8.9057,29.0,false,523,-0.6301900000000001,-0.07076254533613306
452.0,18.47,-1731.0,-35.326531,0.947778,-0.096156,-0.569747,0.0,15.5099,49.0,false,false,10.0,4.0,true,15.0,202,-1.7309999999999999,-0.11160613543607631,260.0,17.34,-1972.98,-40.264898,0.943795,-0.101576,-0.612437,0.0,16.6476,49.0,false,533,-1.97298,-0.1185143804512362
453.0,47.21,12636.0,252.72,1.41038,1.241257,4.362705,0.0,8.9824,50.0,true,false,10.0,4.0,true,15.0,76,12.636,1.406750979693623,261.0,45.65,12629.1,252.582,1.384008,1.141972,4.120325,0.0,9.7436,50.0,false,254,12.629100000000001,1.2961431093230429
454.0,4.24,7024.0,250.857143,1.423388,0.599727,3.196905,0.0,9.8639,28.0,false,true,10.0,4.0,true,15.0,418,7.024,0.7120915662162026,262.0,4.04,6708.92,239.604286,1.372881,0.507793,2.844817,0.0,11.0172,28.0,false,395,6.70892,0.6089496423773735
455.0,2.38,71.0,2.448276,1.003651,0.004997,0.037701,0.0,12.46,29.0,true,true,10.0,4.0,true,15.0,473,0.07100000000000001,0.005698234349919743,263.0,2.33,-392.29,-13.527241,0.980895,-0.025876,-0.199041,0.0,13.2384,29.0,false,519,-0.39229,-0.029632735073724922
456.0,37.12,11366.0,236.791667,1.317114,0.642764,2.368043,0.0,14.3997,48.0,false,false,15.0,4.0,true,15.0,112,11.366,0.789321999763884,264.0,35.94,7093.9,147.789583,1.277663,0.548554,2.074607,0.0,11.1676,48.0,false,387,7.0939000000000005,0.6352215337225545
457.0,73.87,48393.0,967.86,2.409477,4.101797,8.86248,0.0,8.1209,50.0,true,false,15.0,4.0,true,15.0,23,48.393,5.9590685761430375,265.0,73.81,35771.49,715.4298,2.247109,3.513219,8.243048,0.0,7.621,50.0,false,30,35.77149,4.693805274898307
458.0,6.38,23817.0,850.607143,2.362451,1.931004,7.514599,0.0,9.4146,28.0,false,true,15.0,4.0,true,15.0,298,23.817,2.529794149512459,266.0,6.11,16518.93,589.961786,2.269254,1.712477,7.02715,0.0,7.8853,28.0,false,151,16.51893,2.094901906078399
459.0,5.25,11560.0,398.62069,1.488134,0.661516,3.57756,0.0,13.5691,29.0,true,true,15.0,4.0,true,15.0,355,11.559999999999999,0.8519356479059037,267.0,5.01,7299.81,251.717586,1.413529,0.550829,3.055468,0.0,11.0094,29.0,false,384,7.299810000000001,0.6630524824241104
460.0,5.91,-2573.0,-51.46,0.943698,-0.091893,-0.314742,0.0,25.1441,50.0,false,false,20.0,4.0,true,15.0,329,-2.573,-0.10233016890642337,268.0,20.42,-1705.66,-34.1132,0.924354,-0.123612,-0.422939,0.0,13.0723,50.0,false,532,-1.7056600000000002,-0.13047895167644563
461.0,75.19,58617.0,1149.352941,2.362584,4.149582,6.257588,0.0,10.79,51.0,true,false,20.0,4.0,true,15.0,22,58.617,5.432530120481928,269.0,75.51,32105.85,629.526471,2.285534,3.833287,5.962696,0.0,6.8749,51.0,false,37,32.10585,4.670009745596299
462.0,4.84,14805.0,528.75,1.723218,0.779991,2.670702,0.0,15.6449,28.0,false,true,20.0,4.0,true,15.0,391,14.804999999999998,0.9463147735044646,270.0,4.97,7302.35,260.798214,1.690457,0.730496,2.542629,0.0,9.0128,28.0,false,383,7.302350000000001,0.8102199094620984
463.0,3.7,9403.0,324.241379,1.31629,0.421678,1.879345,0.0,17.625,29.0,true,true,20.0,4.0,true,15.0,432,9.403,0.5335035460992908,271.0,3.79,4371.22,150.731724,1.276717,0.364952,1.599676,0.0,10.5284,29.0,false,445,4.37122,0.41518369362866153
464.0,39.4,7243.0,157.456522,1.360205,1.128545,9.379895,0.0,5.6466,46.0,false,false,5.0,5.0,true,15.0,99,7.242999999999999,1.2827188042361775,272.0,36.18,13523.41,293.987174,1.283558,0.834769,7.975124,0.0,12.4882,46.0,false,233,13.52341,1.082895052929966
465.0,40.11,4461.0,91.040816,1.221896,0.780031,4.240807,0.0,5.3291,49.0,true,false,5.0,5.0,true,15.0,97,4.460999999999999,0.8371019496725525,273.0,38.61,9009.86,187.705417,1.215397,0.79774,4.175333,0.0,9.8716,48.0,false,338,9.00986,0.9127051339195266
466.0,6.97,11843.0,422.964286,2.125975,3.657505,18.699423,0.0,2.8137,28.0,false,true,5.0,5.0,true,15.0,276,11.843,4.209048583715393,274.0,6.93,25264.89,902.3175,2.016394,3.005789,17.636963,0.0,6.2882,28.0,false,60,25.26489,4.017825450844439
467.0,4.62,2620.0,90.344828,1.218607,0.626345,3.400035,0.0,3.9257,29.0,true,true,5.0,5.0,true,15.0,406,2.62,0.6673968973686222,275.0,4.49,4538.19,156.48931,1.176333,0.490788,2.850785,0.0,8.164,29.0,false,439,4.538189999999999,0.5558782459578637
468.0,14.16,-4294.0,-87.632653,0.872736,-0.193467,-1.136769,0.0,18.8251,49.0,false,false,10.0,5.0,true,15.0,226,-4.294,-0.22809971792978523,276.0,12.03,-5218.72,-106.50449,0.853904,-0.219283,-1.304977,0.0,20.0699,49.0,false,561,-5.21872,-0.26002720491880876
469.0,60.75,18072.0,361.44,1.577639,1.884856,5.075323,0.0,8.0165,50.0,true,false,10.0,5.0,true,15.0,47,18.072,2.2543504022952656,277.0,55.73,18355.65,367.113,1.524062,1.660381,4.669196,0.0,9.1825,50.0,false,127,18.35565,1.998981758780289
470.0,5.32,12857.0,459.178571,1.774985,1.097763,5.222881,0.0,9.402,28.0,false,true,10.0,5.0,true,15.0,348,12.857,1.3674750053180176,278.0,5.08,12841.22,458.615,1.685801,0.918886,4.700214,0.0,11.0197,28.0,false,244,12.84122,1.1652966959173117
471.0,4.44,5071.0,174.862069,1.260787,0.356912,2.44195,0.0,11.9366,29.0,true,true,10.0,5.0,true,15.0,413,5.071,0.4248278404235712,279.0,4.05,4493.3,154.941379,1.210824,0.28254,2.007743,0.0,13.2378,29.0,false,440,4.4933,0.3394295124567526
472.0,12.86,5636.0,115.020408,1.1472,0.210999,0.842964,0.0,21.6796,49.0,false,false,15.0,5.0,true,15.0,233,5.636,0.25996789608664367,280.0,19.84,3007.97,61.387143,1.112554,0.158932,0.644894,0.0,16.3093,49.0,false,461,3.00797,0.18443280827503325
473.0,75.4,58519.0,1147.431373,2.609256,4.335062,7.512699,0.0,9.1434,51.0,true,false,15.0,5.0,true,15.0,21,58.519,6.400135616947744,281.0,75.42,44201.84,866.702745,2.413612,3.823351,6.880434,0.0,8.5506,51.0,false,17,44.20184,5.169443080017777
474.0,5.28,18246.0,651.642857,1.993412,0.999124,3.682739,0.0,14.0611,28.0,false,true,15.0,5.0,true,15.0,350,18.246000000000002,1.2976225188641004,282.0,5.3,12222.58,436.520714,1.910621,0.885102,3.387496,0.0,11.383,28.0,false,268,12.222579999999999,1.0737573574628831
475.0,4.88,12137.0,418.517241,1.50211,0.530556,2.616569,0.0,16.975,29.0,true,true,15.0,5.0,true,15.0,387,12.137,0.7149926362297496,283.0,4.62,7507.88,258.892414,1.412113,0.42619,2.167415,0.0,14.0992,29.0,false,373,7.50788,0.5325039718565593
476.0,10.38,7129.0,142.58,1.155996,0.254607,0.839214,0.0,23.891,50.0,false,false,20.0,5.0,true,15.0,237,7.1290000000000004,0.29839688585659874,284.0,22.96,2996.29,59.9258,1.129861,0.211115,0.700266,0.0,13.0727,50.0,false,462,2.99629,0.229202077612123
477.0,62.49,52920.0,1037.647059,2.18067,1.911021,4.251316,0.0,18.458,51.0,true,false,20.0,5.0,true,15.0,45,52.92,2.86704951782425,285.0,64.9,28263.33,554.182941,2.08081,1.715697,3.76947,0.0,12.969,51.0,false,46,28.263330000000003,2.1792990978487166
478.0,5.35,22547.0,805.25,2.101412,1.187872,3.91336,0.0,14.9263,28.0,false,true,20.0,5.0,true,15.0,347,22.547,1.5105551945224203,286.0,5.47,11353.43,405.479643,2.052383,1.104446,3.723805,0.0,9.0124,28.0,false,278,11.353430000000001,1.2597565576317076
479.0,5.62,19304.0,665.655172,1.649332,0.865689,3.566532,0.0,16.5756,29.0,true,true,20.0,5.0,true,15.0,337,19.304,1.1646033929390187,287.0,5.7,9443.18,325.626897,1.578349,0.758661,3.136775,0.0,10.5288,29.0,false,319,9.44318,0.8968904338576096
