Pass,Result,Profit,Expected Payoff,Profit Factor,Recovery Factor,Sharpe Ratio,Custom,Equity DD %,Trades,InpUseRangeA,InpCancelSecondEntry,InpStopLossPips,InpRiskReward,InpAutoBreakeven,InpBreakevenPips,XML_row
141.0,92.71,35378.0,667.509434,2.85167,3.490331,8.252691,0.0,8.5836,53.0,true,false,20.0,4.0,true,5.0,2
153.0,92.46,24828.0,459.777778,2.319585,2.576588,6.656635,0.0,8.1969,54.0,true,false,15.0,5.0,true,5.0,3
157.0,92.33,38699.0,730.169811,2.965015,3.133522,6.248594,0.0,9.769,53.0,true,false,20.0,5.0,true,5.0,4
125.0,89.15,22349.0,421.679245,2.169737,2.204913,7.426368,0.0,8.8853,53.0,true,false,20.0,3.0,true,5.0,5
285.0,89.03,43613.0,855.156863,3.024181,4.349122,12.972377,0.0,7.446,51.0,true,false,20.0,3.0,true,10.0,6
301.0,88.94,54278.0,1043.807692,3.269147,5.376189,8.219079,0.0,8.0631,52.0,true,false,20.0,4.0,true,10.0,7
121.0,88.23,13867.0,256.796296,1.807771,2.128473,6.84342,0.0,5.5469,54.0,true,false,15.0,3.0,true,5.0,8
109.0,87.4,13997.0,264.09434,1.801753,2.150738,6.533689,0.0,5.7607,53.0,true,false,20.0,2.0,true,5.0,9
313.0,86.97,51180.0,984.230769,3.352563,5.810627,9.921315,0.0,6.0744,52.0,true,false,15.0,5.0,true,10.0,10
297.0,86.95,37503.0,721.211538,2.72388,4.257834,12.110006,0.0,6.5173,52.0,true,false,15.0,4.0,true,10.0,11
281.0,85.44,22602.0,434.653846,2.038934,2.566076,8.353125,0.0,7.0652,52.0,true,false,15.0,3.0,true,10.0,12
105.0,85.16,13032.0,255.529412,1.786339,2.235334,9.448706,0.0,5.0036,51.0,true,false,15.0,2.0,true,5.0,13
269.0,85.06,21850.0,428.431373,2.014109,2.178899,7.866883,0.0,8.301,51.0,true,false,20.0,2.0,true,10.0,14
137.0,83.3,16739.0,309.981481,1.889663,1.737132,5.9769,0.0,8.4123,54.0,true,false,15.0,4.0,true,5.0,15
265.0,81.66,17335.0,353.77551,1.819196,2.364939,9.300991,0.0,6.0679,49.0,true,false,15.0,2.0,true,10.0,16
317.0,79.85,42581.0,818.865385,2.655367,2.616666,4.403551,0.0,12.0002,52.0,true,false,20.0,5.0,true,10.0,17
277.0,78.32,16404.0,334.77551,1.859208,2.60381,10.632378,0.0,5.4189,49.0,true,false,10.0,3.0,true,10.0,18
309.0,76.25,18651.0,358.673077,1.896467,2.559138,7.819286,0.0,6.3041,52.0,true,false,10.0,5.0,true,10.0,19
117.0,76.09,10631.0,208.45098,1.665519,1.68746,9.321421,0.0,5.6001,51.0,true,false,10.0,3.0,true,5.0,20
473.0,75.4,58519.0,1147.431373,2.609256,4.335062,7.512699,0.0,9.1434,51.0,true,false,15.0,5.0,true,15.0,21
461.0,75.19,58617.0,1149.352941,2.362584,4.149582,6.257588,0.0,10.79,51.0,true,false,20.0,4.0,true,15.0,22
457.0,73.87,48393.0,967.86,2.409477,4.101797,8.86248,0.0,8.1209,50.0,true,false,15.0,4.0,true,15.0,23
441.0,72.77,32487.0,649.74,1.960046,2.753602,7.806601,0.0,9.0552,50.0,true,false,15.0,3.0,true,15.0,24
445.0,71.79,48513.0,990.061224,2.209348,3.438687,8.394975,0.0,10.0542,49.0,true,false,20.0,3.0,true,15.0,25
393.0,71.43,62062.0,1266.571429,2.143515,3.590304,5.816214,0.0,11.3234,49.0,true,false,15.0,5.0,false,15.0,26
233.0,71.43,62062.0,1266.571429,2.143515,3.590304,5.816214,0.0,11.3234,49.0,true,false,15.0,5.0,false,10.0,27
73.0,71.43,62062.0,1266.571429,2.143515,3.590304,5.816214,0.0,11.3234,49.0,true,false,15.0,5.0,false,5.0,28
136.0,71.31,12836.0,256.72,1.774186,1.294474,5.07824,0.0,8.2668,50.0,false,false,15.0,4.0,true,5.0,29
253.0,70.91,12800.0,272.340426,1.612089,2.044728,8.199844,0.0,5.4172,47.0,true,false,20.0,1.0,true,10.0,30
104.0,70.38,12008.0,255.489362,1.826599,1.698925,9.533166,0.0,6.084,47.0,false,false,15.0,2.0,true,5.0,31
377.0,68.45,49132.0,1023.583333,1.968252,2.8423,6.413905,0.0,11.7945,48.0,true,false,15.0,4.0,false,15.0,32
217.0,68.45,49132.0,1023.583333,1.968252,2.8423,6.413905,0.0,11.7945,48.0,true,false,15.0,4.0,false,10.0,33
57.0,68.45,49132.0,1023.583333,1.968252,2.8423,6.413905,0.0,11.7945,48.0,true,false,15.0,4.0,false,5.0,34
85.0,67.78,9430.0,214.318182,1.79511,3.833333,28.429086,0.0,2.2384,44.0,true,false,10.0,1.0,true,5.0,35
381.0,67.44,66638.0,1388.291667,2.022275,2.99847,4.900527,0.0,14.9344,48.0,true,false,20.0,4.0,false,15.0,36
221.0,67.44,66638.0,1388.291667,2.022275,2.99847,4.900527,0.0,14.9344,48.0,true,false,20.0,4.0,false,10.0,37
61.0,67.44,66638.0,1388.291667,2.022275,2.99847,4.900527,0.0,14.9344,48.0,true,false,20.0,4.0,false,5.0,38
249.0,67.32,10496.0,223.319149,1.507617,1.991651,9.49288,0.0,4.8237,47.0,true,false,15.0,1.0,true,10.0,39
93.0,65.72,8947.0,182.591837,1.5318,1.438887,8.439919,0.0,5.855,49.0,true,false,20.0,1.0,true,5.0,40
97.0,64.68,5370.0,116.73913,1.451261,2.533019,25.338384,0.0,2.074,46.0,true,false,5.0,2.0,true,5.0,41
264.0,64.58,18878.0,429.045455,1.852088,2.827741,9.430664,0.0,5.5645,44.0,false,false,15.0,2.0,true,10.0,42
124.0,63.19,10207.0,204.14,1.531366,0.9733,3.875777,0.0,10.1638,50.0,false,false,20.0,3.0,true,5.0,43
89.0,62.58,5925.0,118.5,1.360511,1.49659,7.339595,0.0,3.6114,50.0,true,false,15.0,1.0,true,5.0,44
477.0,62.49,52920.0,1037.647059,2.18067,1.911021,4.251316,0.0,18.458,51.0,true,false,20.0,5.0,true,15.0,45
101.0,61.41,6086.0,119.333333,1.380994,1.196148,8.08482,0.0,4.7467,51.0,true,false,10.0,2.0,true,5.0,46
469.0,60.75,18072.0,361.44,1.577639,1.884856,5.075323,0.0,8.0165,50.0,true,false,10.0,5.0,true,15.0,47
149.0,60.34,7006.0,129.740741,1.39611,0.84983,3.990113,0.0,7.5152,54.0,true,false,10.0,5.0,true,5.0,48
116.0,59.12,8068.0,171.659574,1.518609,1.249884,8.00407,0.0,5.6711,47.0,false,false,10.0,3.0,true,5.0,49
365.0,58.62,45624.0,970.723404,1.758479,2.052916,5.370687,0.0,15.969,47.0,true,false,20.0,3.0,false,15.0,50
205.0,58.62,45624.0,970.723404,1.758479,2.052916,5.370687,0.0,15.969,47.0,true,false,20.0,3.0,false,10.0,51
45.0,58.62,45624.0,970.723404,1.758479,2.052916,5.370687,0.0,15.969,47.0,true,false,20.0,3.0,false,5.0,52
437.0,57.7,17637.0,383.413043,1.657386,2.127503,9.760406,0.0,6.8806,46.0,true,false,10.0,3.0,true,15.0,53
261.0,57.52,8899.0,181.612245,1.466111,1.393081,7.855599,0.0,5.8918,49.0,true,false,10.0,2.0,true,10.0,54
293.0,56.94,10809.0,207.865385,1.519539,1.483123,4.901195,0.0,6.5815,52.0,true,false,10.0,4.0,true,10.0,55
429.0,56.6,23519.0,479.979592,1.593614,1.667068,5.672456,0.0,11.6873,49.0,true,false,20.0,2.0,true,15.0,56
417.0,56.27,9960.0,237.142857,1.811736,3.984,39.650838,0.0,2.4488,42.0,true,false,5.0,2.0,true,15.0,57
337.0,56.27,9960.0,237.142857,1.811736,3.984,39.650838,0.0,2.4488,42.0,true,false,5.0,2.0,false,15.0,58
257.0,56.27,9960.0,237.142857,1.811736,3.984,39.650838,0.0,2.4488,42.0,true,false,5.0,2.0,true,10.0,59
177.0,56.27,9960.0,237.142857,1.811736,3.984,39.650838,0.0,2.4488,42.0,true,false,5.0,2.0,false,10.0,60
17.0,56.27,9960.0,237.142857,1.811736,3.984,39.650838,0.0,2.4488,42.0,true,false,5.0,2.0,false,5.0,61
92.0,55.2,7364.0,160.086957,1.443454,1.327086,7.516078,0.0,4.9451,46.0,false,false,20.0,1.0,true,5.0,62
296.0,54.44,21057.0,438.6875,1.805208,1.309026,5.733014,0.0,12.6352,48.0,false,false,15.0,4.0,true,10.0,63
120.0,54.37,5426.0,108.52,1.327262,0.547196,2.354314,0.0,8.6953,50.0,false,false,15.0,3.0,true,5.0,64
304.0,52.5,9872.0,214.608696,1.564792,1.862993,14.274301,0.0,4.601,46.0,false,false,5.0,5.0,true,10.0,65
88.0,52.08,6633.0,147.4,1.459763,1.193415,8.687414,0.0,5.0276,45.0,false,false,15.0,1.0,true,5.0,66
357.0,51.98,18431.0,400.673913,1.580687,1.789417,8.119548,0.0,8.4854,46.0,true,false,10.0,3.0,false,15.0,67
197.0,51.98,18431.0,400.673913,1.580687,1.789417,8.119548,0.0,8.4854,46.0,true,false,10.0,3.0,false,10.0,68
37.0,51.98,18431.0,400.673913,1.580687,1.789417,8.119548,0.0,8.4854,46.0,true,false,10.0,3.0,false,5.0,69
276.0,50.51,13318.0,295.955556,1.608017,1.800703,8.480358,0.0,6.1626,45.0,false,false,10.0,3.0,true,10.0,70
361.0,49.22,27662.0,601.347826,1.591005,1.600255,4.983551,0.0,13.0567,46.0,true,false,15.0,3.0,false,15.0,71
201.0,49.22,27662.0,601.347826,1.591005,1.600255,4.983551,0.0,13.0567,46.0,true,false,15.0,3.0,false,10.0,72
41.0,49.22,27662.0,601.347826,1.591005,1.600255,4.983551,0.0,13.0567,46.0,true,false,15.0,3.0,false,5.0,73
100.0,49.15,2493.0,53.042553,1.160352,0.467993,3.4794,0.0,4.9729,47.0,false,false,10.0,2.0,true,5.0,74
284.0,48.02,17430.0,363.125,1.585331,1.008389,4.417013,0.0,13.7376,48.0,false,false,20.0,3.0,true,10.0,75
453.0,47.21,12636.0,252.72,1.41038,1.241257,4.362705,0.0,8.9824,50.0,true,false,10.0,4.0,true,15.0,76
389.0,46.9,17564.0,358.44898,1.423341,1.336885,3.65043,0.0,10.9655,49.0,true,false,10.0,5.0,false,15.0,77
229.0,46.9,17564.0,358.44898,1.423341,1.336885,3.65043,0.0,10.9655,49.0,true,false,10.0,5.0,false,10.0,78
69.0,46.9,17564.0,358.44898,1.423341,1.336885,3.65043,0.0,10.9655,49.0,true,false,10.0,5.0,false,5.0,79
373.0,46.39,17700.0,368.75,1.474353,1.264286,4.812184,0.0,11.7346,48.0,true,false,10.0,4.0,false,15.0,80
213.0,46.39,17700.0,368.75,1.474353,1.264286,4.812184,0.0,11.7346,48.0,true,false,10.0,4.0,false,10.0,81
53.0,46.39,17700.0,368.75,1.474353,1.264286,4.812184,0.0,11.7346,48.0,true,false,10.0,4.0,false,5.0,82
273.0,46.26,5182.0,103.64,1.329896,1.225639,10.200859,0.0,4.0658,50.0,true,false,5.0,3.0,true,10.0,83
280.0,45.85,13677.0,284.9375,1.524988,0.850242,4.224606,0.0,13.0854,48.0,false,false,15.0,3.0,true,10.0,84
305.0,45.56,5431.0,106.490196,1.328078,1.150879,5.496,0.0,4.4399,51.0,true,false,5.0,5.0,true,10.0,85
385.0,45.21,7903.0,161.285714,1.369351,1.270783,5.75953,0.0,5.689,49.0,true,false,5.0,5.0,false,15.0,86
225.0,45.21,7903.0,161.285714,1.369351,1.270783,5.75953,0.0,5.689,49.0,true,false,5.0,5.0,false,10.0,87
65.0,45.21,7903.0,161.285714,1.369351,1.270783,5.75953,0.0,5.689,49.0,true,false,5.0,5.0,false,5.0,88
248.0,44.14,14110.0,361.794872,1.828197,2.898521,12.506612,0.0,4.2467,39.0,false,false,15.0,1.0,true,10.0,89
425.0,43.87,14340.0,311.73913,1.433154,1.389535,5.558948,0.0,8.4318,46.0,true,false,15.0,2.0,true,15.0,90
84.0,43.78,3881.0,88.204545,1.276819,0.686903,8.18975,0.0,5.249,44.0,false,false,10.0,1.0,true,5.0,91
145.0,43.22,2629.0,50.557692,1.182874,0.490119,3.610385,0.0,5.0574,52.0,true,false,5.0,5.0,true,5.0,92
144.0,43.09,4991.0,103.979167,1.332756,0.872705,9.208473,0.0,5.1657,48.0,false,false,5.0,5.0,true,5.0,93
128.0,42.66,3061.0,63.770833,1.204216,0.730723,6.415215,0.0,3.9058,48.0,false,false,5.0,4.0,true,5.0,94
133.0,41.18,1986.0,36.777778,1.112286,0.240902,1.162225,0.0,7.7301,54.0,true,false,10.0,4.0,true,5.0,95
312.0,41.06,15327.0,312.795918,1.535965,0.648789,2.750896,0.0,18.7153,49.0,false,false,15.0,5.0,true,10.0,96
465.0,40.11,4461.0,91.040816,1.221896,0.780031,4.240807,0.0,5.3291,49.0,true,false,5.0,5.0,true,15.0,97
252.0,39.9,8835.0,210.357143,1.359249,1.172217,5.33758,0.0,6.6509,42.0,false,false,20.0,1.0,true,10.0,98
464.0,39.4,7243.0,157.456522,1.360205,1.128545,9.379895,0.0,5.6466,46.0,false,false,5.0,5.0,true,15.0,99
316.0,38.39,16170.0,323.4,1.490922,0.678471,2.318065,0.0,19.3263,50.0,false,false,20.0,5.0,true,10.0,100
152.0,38.36,4136.0,81.098039,1.236262,0.259571,0.952241,0.0,13.7521,51.0,false,false,15.0,5.0,true,5.0,101
433.0,38.32,3262.0,67.958333,1.169384,0.739683,5.862054,0.0,4.2196,48.0,true,false,5.0,3.0,true,15.0,102
353.0,38.32,3262.0,67.958333,1.169384,0.739683,5.862054,0.0,4.2196,48.0,true,false,5.0,3.0,false,15.0,103
193.0,38.32,3262.0,67.958333,1.169384,0.739683,5.862054,0.0,4.2196,48.0,true,false,5.0,3.0,false,10.0,104
33.0,38.32,3262.0,67.958333,1.169384,0.739683,5.862054,0.0,4.2196,48.0,true,false,5.0,3.0,false,5.0,105
369.0,38.19,2536.0,51.755102,1.118521,0.369841,2.83596,0.0,6.4433,49.0,true,false,5.0,4.0,false,15.0,106
209.0,38.19,2536.0,51.755102,1.118521,0.369841,2.83596,0.0,6.4433,49.0,true,false,5.0,4.0,false,10.0,107
49.0,38.19,2536.0,51.755102,1.118521,0.369841,2.83596,0.0,6.4433,49.0,true,false,5.0,4.0,false,5.0,108
384.0,38.03,6743.0,146.586957,1.327203,0.974704,8.720762,0.0,6.0865,46.0,false,false,5.0,5.0,false,15.0,109
224.0,38.03,6743.0,146.586957,1.327203,0.974704,8.720762,0.0,6.0865,46.0,false,false,5.0,5.0,false,10.0,110
64.0,38.03,6743.0,146.586957,1.327203,0.974704,8.720762,0.0,6.0865,46.0,false,false,5.0,5.0,false,5.0,111
456.0,37.12,11366.0,236.791667,1.317114,0.642764,2.368043,0.0,14.3997,48.0,false,false,15.0,4.0,true,15.0,112
289.0,36.82,1496.0,29.333333,1.090371,0.317016,2.016151,0.0,4.5483,51.0,true,false,5.0,4.0,true,10.0,113
360.0,36.27,18620.0,423.181818,1.397244,1.236306,3.408634,0.0,11.6277,44.0,false,false,15.0,3.0,false,15.0,114
200.0,36.27,18620.0,423.181818,1.397244,1.236306,3.408634,0.0,11.6277,44.0,false,false,15.0,3.0,false,10.0,115
40.0,36.27,18620.0,423.181818,1.397244,1.236306,3.408634,0.0,11.6277,44.0,false,false,15.0,3.0,false,5.0,116
345.0,36.25,14164.0,314.755556,1.338212,0.939569,4.57831,0.0,12.0061,45.0,true,false,15.0,2.0,false,15.0,117
185.0,36.25,14164.0,314.755556,1.338212,0.939569,4.57831,0.0,12.0061,45.0,true,false,15.0,2.0,false,10.0,118
25.0,36.25,14164.0,314.755556,1.338212,0.939569,4.57831,0.0,12.0061,45.0,true,false,15.0,2.0,false,5.0,119
288.0,36.19,4422.0,96.130435,1.252989,0.704252,7.072996,0.0,5.672,46.0,false,false,5.0,4.0,true,10.0,120
424.0,36.1,9672.0,219.818182,1.308409,1.167411,3.856834,0.0,7.1747,44.0,false,false,15.0,2.0,true,15.0,121
421.0,35.92,5242.0,113.956522,1.195386,0.83738,3.898598,0.0,5.693,46.0,true,false,10.0,2.0,true,15.0,122
405.0,35.42,15621.0,422.189189,2.351298,5.207,34.012082,0.0,2.5945,37.0,true,false,10.0,1.0,true,15.0,123
325.0,35.42,15621.0,422.189189,2.351298,5.207,34.012082,0.0,2.5945,37.0,true,false,10.0,1.0,false,15.0,124
245.0,35.42,15621.0,422.189189,2.351298,5.207,34.012082,0.0,2.5945,37.0,true,false,10.0,1.0,true,10.0,125
165.0,35.42,15621.0,422.189189,2.351298,5.207,34.012082,0.0,2.5945,37.0,true,false,10.0,1.0,false,10.0,126
5.0,35.42,15621.0,422.189189,2.351298,5.207,34.012082,0.0,2.5945,37.0,true,false,10.0,1.0,false,5.0,127
108.0,35.34,454.0,9.08,1.023635,0.043292,0.20977,0.0,10.1638,50.0,false,false,20.0,2.0,true,5.0,128
341.0,35.31,5134.0,111.608696,1.167014,0.70619,3.312288,0.0,6.6174,46.0,true,false,10.0,2.0,false,15.0,129
181.0,35.31,5134.0,111.608696,1.167014,0.70619,3.312288,0.0,6.6174,46.0,true,false,10.0,2.0,false,10.0,130
21.0,35.31,5134.0,111.608696,1.167014,0.70619,3.312288,0.0,6.6174,46.0,true,false,10.0,2.0,false,5.0,131
408.0,35.1,12464.0,328.0,1.542007,2.176358,8.256113,0.0,5.0258,38.0,false,false,15.0,1.0,true,15.0,132
328.0,35.1,12464.0,328.0,1.542007,2.176358,8.256113,0.0,5.0258,38.0,false,false,15.0,1.0,false,15.0,133
168.0,35.1,12464.0,328.0,1.542007,2.176358,8.256113,0.0,5.0258,38.0,false,false,15.0,1.0,false,10.0,134
8.0,35.1,12464.0,328.0,1.542007,2.176358,8.256113,0.0,5.0258,38.0,false,false,15.0,1.0,false,5.0,135
401.0,35.07,2460.0,60.0,1.243083,1.012346,20.626704,0.0,2.4057,41.0,true,false,5.0,1.0,true,15.0,136
321.0,35.07,2460.0,60.0,1.243083,1.012346,20.626704,0.0,2.4057,41.0,true,false,5.0,1.0,false,15.0,137
241.0,35.07,2460.0,60.0,1.243083,1.012346,20.626704,0.0,2.4057,41.0,true,false,5.0,1.0,true,10.0,138
161.0,35.07,2460.0,60.0,1.243083,1.012346,20.626704,0.0,2.4057,41.0,true,false,5.0,1.0,false,10.0,139
81.0,35.07,2460.0,60.0,1.243083,1.012346,20.626704,0.0,2.4057,41.0,true,false,5.0,1.0,true,5.0,140
1.0,35.07,2460.0,60.0,1.243083,1.012346,20.626704,0.0,2.4057,41.0,true,false,5.0,1.0,false,5.0,141
440.0,34.59,8882.0,185.041667,1.251986,0.50229,2.161027,0.0,14.9323,48.0,false,false,15.0,3.0,true,15.0,142
397.0,33.59,46001.0,938.795918,1.582726,1.135911,2.417525,0.0,27.1442,49.0,true,false,20.0,5.0,false,15.0,143
237.0,33.59,46001.0,938.795918,1.582726,1.135911,2.417525,0.0,27.1442,49.0,true,false,20.0,5.0,false,10.0,144
77.0,33.59,46001.0,938.795918,1.582726,1.135911,2.417525,0.0,27.1442,49.0,true,false,20.0,5.0,false,5.0,145
448.0,33.51,1793.0,38.978261,1.089168,0.242363,2.538449,0.0,6.7753,46.0,false,false,5.0,4.0,true,15.0,146
436.0,33.45,6112.0,135.822222,1.209962,0.587466,3.100699,0.0,8.9292,45.0,false,false,10.0,3.0,true,15.0,147
260.0,32.13,3842.0,87.318182,1.176603,0.53228,3.402333,0.0,6.5404,44.0,false,false,10.0,2.0,true,10.0,148
392.0,31.9,21814.0,474.217391,1.377059,0.914173,2.14204,0.0,17.9778,46.0,false,false,15.0,5.0,false,15.0,149
232.0,31.9,21814.0,474.217391,1.377059,0.914173,2.14204,0.0,17.9778,46.0,false,false,15.0,5.0,false,10.0,150
72.0,31.9,21814.0,474.217391,1.377059,0.914173,2.14204,0.0,17.9778,46.0,false,false,15.0,5.0,false,5.0,151
268.0,31.33,5687.0,118.479167,1.191617,0.329014,1.767869,0.0,14.6421,48.0,false,false,20.0,2.0,true,10.0,152
156.0,30.09,-2835.0,-54.519231,0.873205,-0.17577,-0.539252,0.0,14.994,52.0,false,false,20.0,5.0,true,5.0,153
148.0,29.76,1286.0,25.72,1.070466,0.094957,0.633242,0.0,11.8664,50.0,false,false,10.0,5.0,true,5.0,154
368.0,29.74,1293.0,28.108696,1.062743,0.163712,1.827622,0.0,7.2332,46.0,false,false,5.0,4.0,false,15.0,155
208.0,29.74,1293.0,28.108696,1.062743,0.163712,1.827622,0.0,7.2332,46.0,false,false,5.0,4.0,false,10.0,156
48.0,29.74,1293.0,28.108696,1.062743,0.163712,1.827622,0.0,7.2332,46.0,false,false,5.0,4.0,false,5.0,157
140.0,29.67,-6805.0,-130.865385,0.695648,-0.421911,-1.320545,0.0,15.2795,52.0,false,false,20.0,4.0,true,5.0,158
349.0,28.71,15368.0,341.511111,1.278335,0.669892,2.743083,0.0,18.8966,45.0,true,false,20.0,2.0,false,15.0,159
189.0,28.71,15368.0,341.511111,1.278335,0.669892,2.743083,0.0,18.8966,45.0,true,false,20.0,2.0,false,10.0,160
29.0,28.71,15368.0,341.511111,1.278335,0.669892,2.743083,0.0,18.8966,45.0,true,false,20.0,2.0,false,5.0,161
376.0,28.48,14575.0,316.847826,1.261487,0.639339,1.97859,0.0,17.7094,46.0,false,false,15.0,4.0,false,15.0,162
216.0,28.48,14575.0,316.847826,1.261487,0.639339,1.97859,0.0,17.7094,46.0,false,false,15.0,4.0,false,10.0,163
56.0,28.48,14575.0,316.847826,1.261487,0.639339,1.97859,0.0,17.7094,46.0,false,false,15.0,4.0,false,5.0,164
132.0,27.57,-2517.0,-50.34,0.862082,-0.185852,-1.405031,0.0,12.2754,50.0,false,false,10.0,4.0,true,5.0,165
444.0,27.23,8389.0,174.770833,1.197203,0.432824,1.553685,0.0,16.4767,48.0,false,false,20.0,3.0,true,15.0,166
416.0,27.14,1701.0,40.5,1.111402,0.296341,4.918088,0.0,5.4202,42.0,false,false,5.0,2.0,true,15.0,167
336.0,27.14,1701.0,40.5,1.111402,0.296341,4.918088,0.0,5.4202,42.0,false,false,5.0,2.0,false,15.0,168
256.0,27.14,1701.0,40.5,1.111402,0.296341,4.918088,0.0,5.4202,42.0,false,false,5.0,2.0,true,10.0,169
176.0,27.14,1701.0,40.5,1.111402,0.296341,4.918088,0.0,5.4202,42.0,false,false,5.0,2.0,false,10.0,170
16.0,27.14,1701.0,40.5,1.111402,0.296341,4.918088,0.0,5.4202,42.0,false,false,5.0,2.0,false,5.0,171
409.0,26.79,1731.0,40.255814,1.053288,0.153894,1.022842,0.0,10.1143,43.0,true,false,15.0,1.0,true,15.0,172
329.0,26.79,1731.0,40.255814,1.053288,0.153894,1.022842,0.0,10.1143,43.0,true,false,15.0,1.0,false,15.0,173
169.0,26.79,1731.0,40.255814,1.053288,0.153894,1.022842,0.0,10.1143,43.0,true,false,15.0,1.0,false,10.0,174
9.0,26.79,1731.0,40.255814,1.053288,0.153894,1.022842,0.0,10.1143,43.0,true,false,15.0,1.0,false,5.0,175
96.0,26.41,191.0,4.244444,1.013802,0.034539,0.665177,0.0,5.2492,45.0,false,false,5.0,2.0,true,5.0,176
404.0,26.09,5588.0,147.052632,1.329306,0.899984,8.213523,0.0,5.7102,38.0,false,false,10.0,1.0,true,15.0,177
324.0,26.09,5588.0,147.052632,1.329306,0.899984,8.213523,0.0,5.7102,38.0,false,false,10.0,1.0,false,15.0,178
244.0,26.09,5588.0,147.052632,1.329306,0.899984,8.213523,0.0,5.7102,38.0,false,false,10.0,1.0,true,10.0,179
164.0,26.09,5588.0,147.052632,1.329306,0.899984,8.213523,0.0,5.7102,38.0,false,false,10.0,1.0,false,10.0,180
4.0,26.09,5588.0,147.052632,1.329306,0.899984,8.213523,0.0,5.7102,38.0,false,false,10.0,1.0,false,5.0,181
112.0,25.33,121.0,2.574468,1.0081,0.026889,0.318627,0.0,4.3373,47.0,false,false,5.0,3.0,true,5.0,182
113.0,24.79,-888.0,-17.076923,0.937806,-0.169207,-2.374008,0.0,5.1041,52.0,true,false,5.0,3.0,true,5.0,183
308.0,24.09,3407.0,69.530612,1.130837,0.177411,1.186462,0.0,15.7525,49.0,false,false,10.0,5.0,true,10.0,184
412.0,23.9,2549.0,62.170732,1.073539,0.275985,1.169459,0.0,8.5538,41.0,false,false,20.0,1.0,true,15.0,185
129.0,23.67,-306.0,-5.884615,0.978715,-0.04868,-0.612193,0.0,6.0136,52.0,true,false,5.0,4.0,true,5.0,186
272.0,22.98,581.0,12.911111,1.033335,0.088164,1.259803,0.0,6.1994,45.0,false,false,5.0,3.0,true,10.0,187
356.0,22.95,2973.0,66.066667,1.084295,0.179496,1.359372,0.0,13.8561,45.0,false,false,10.0,3.0,false,15.0,188
196.0,22.95,2973.0,66.066667,1.084295,0.179496,1.359372,0.0,13.8561,45.0,false,false,10.0,3.0,false,10.0,189
36.0,22.95,2973.0,66.066667,1.084295,0.179496,1.359372,0.0,13.8561,45.0,false,false,10.0,3.0,false,5.0,190
449.0,21.25,26.0,0.530612,1.001293,0.004439,0.03241,0.0,5.609,49.0,true,false,5.0,4.0,true,15.0,191
348.0,21.06,8367.0,190.159091,1.14476,0.389743,1.509221,0.0,17.3309,44.0,false,false,20.0,2.0,false,15.0,192
188.0,21.06,8367.0,190.159091,1.14476,0.389743,1.509221,0.0,17.3309,44.0,false,false,20.0,2.0,false,10.0,193
28.0,21.06,8367.0,190.159091,1.14476,0.389743,1.509221,0.0,17.3309,44.0,false,false,20.0,2.0,false,5.0,194
372.0,20.47,4055.0,88.152174,1.104872,0.193565,1.180932,0.0,16.7587,46.0,false,false,10.0,4.0,false,15.0,195
212.0,20.47,4055.0,88.152174,1.104872,0.193565,1.180932,0.0,16.7587,46.0,false,false,10.0,4.0,false,10.0,196
52.0,20.47,4055.0,88.152174,1.104872,0.193565,1.180932,0.0,16.7587,46.0,false,false,10.0,4.0,false,5.0,197
292.0,19.89,1574.0,32.122449,1.060676,0.081962,0.645195,0.0,15.9929,49.0,false,false,10.0,4.0,true,10.0,198
344.0,19.32,3545.0,82.44186,1.081498,0.237076,1.180817,0.0,12.6188,43.0,false,false,15.0,2.0,false,15.0,199
184.0,19.32,3545.0,82.44186,1.081498,0.237076,1.180817,0.0,12.6188,43.0,false,false,15.0,2.0,false,10.0,200
24.0,19.32,3545.0,82.44186,1.081498,0.237076,1.180817,0.0,12.6188,43.0,false,false,15.0,2.0,false,5.0,201
452.0,18.47,-1731.0,-35.326531,0.947778,-0.096156,-0.569747,0.0,15.5099,49.0,false,false,10.0,4.0,true,15.0,202
413.0,17.79,-3085.0,-70.113636,0.920586,-0.245211,-1.374726,0.0,11.6392,44.0,true,false,20.0,1.0,true,15.0,203
432.0,17.64,-1558.0,-34.622222,0.92038,-0.215819,-3.045742,0.0,6.889,45.0,false,false,5.0,3.0,true,15.0,204
352.0,17.64,-1558.0,-34.622222,0.92038,-0.215819,-3.045742,0.0,6.889,45.0,false,false,5.0,3.0,false,15.0,205
192.0,17.64,-1558.0,-34.622222,0.92038,-0.215819,-3.045742,0.0,6.889,45.0,false,false,5.0,3.0,false,10.0,206
32.0,17.64,-1558.0,-34.622222,0.92038,-0.215819,-3.045742,0.0,6.889,45.0,false,false,5.0,3.0,false,5.0,207
300.0,16.89,6468.0,129.36,1.196369,0.271388,0.973937,0.0,20.2872,50.0,false,false,20.0,4.0,true,10.0,208
400.0,16.87,-329.0,-8.435897,0.969814,-0.086579,-1.793309,0.0,3.7394,39.0,false,false,5.0,1.0,true,15.0,209
320.0,16.87,-329.0,-8.435897,0.969814,-0.086579,-1.793309,0.0,3.7394,39.0,false,false,5.0,1.0,false,15.0,210
240.0,16.87,-329.0,-8.435897,0.969814,-0.086579,-1.793309,0.0,3.7394,39.0,false,false,5.0,1.0,true,10.0,211
160.0,16.87,-329.0,-8.435897,0.969814,-0.086579,-1.793309,0.0,3.7394,39.0,false,false,5.0,1.0,false,10.0,212
80.0,16.87,-329.0,-8.435897,0.969814,-0.086579,-1.793309,0.0,3.7394,39.0,false,false,5.0,1.0,true,5.0,213
0.0,16.87,-329.0,-8.435897,0.969814,-0.086579,-1.793309,0.0,3.7394,39.0,false,false,5.0,1.0,false,5.0,214
333.0,16.69,-5243.0,-119.159091,0.887802,-0.28069,-1.98553,0.0,16.9667,44.0,true,false,20.0,1.0,false,15.0,215
173.0,16.69,-5243.0,-119.159091,0.887802,-0.28069,-1.98553,0.0,16.9667,44.0,true,false,20.0,1.0,false,10.0,216
13.0,16.69,-5243.0,-119.159091,0.887802,-0.28069,-1.98553,0.0,16.9667,44.0,true,false,20.0,1.0,false,5.0,217
420.0,16.66,-1364.0,-31.0,0.952742,-0.138407,-0.89931,0.0,9.0837,44.0,false,false,10.0,2.0,true,15.0,218
428.0,16.47,1222.0,25.458333,1.029133,0.063048,0.283503,0.0,17.6425,48.0,false,false,20.0,2.0,true,15.0,219
340.0,16.26,-2483.0,-56.431818,0.922338,-0.19153,-1.483756,0.0,11.7341,44.0,false,false,10.0,2.0,false,15.0,220
180.0,16.26,-2483.0,-56.431818,0.922338,-0.19153,-1.483756,0.0,11.7341,44.0,false,false,10.0,2.0,false,10.0,221
20.0,16.26,-2483.0,-56.431818,0.922338,-0.19153,-1.483756,0.0,11.7341,44.0,false,false,10.0,2.0,false,5.0,222
396.0,14.66,19670.0,409.791667,1.240892,0.498631,1.537903,0.0,29.0762,48.0,false,false,20.0,5.0,false,15.0,223
236.0,14.66,19670.0,409.791667,1.240892,0.498631,1.537903,0.0,29.0762,48.0,false,false,20.0,5.0,false,10.0,224
76.0,14.66,19670.0,409.791667,1.240892,0.498631,1.537903,0.0,29.0762,48.0,false,false,20.0,5.0,false,5.0,225
468.0,14.16,-4294.0,-87.632653,0.872736,-0.193467,-1.136769,0.0,18.8251,49.0,false,false,10.0,5.0,true,15.0,226
332.0,14.12,-5887.0,-143.585366,0.869433,-0.319286,-2.178713,0.0,16.9559,41.0,false,false,20.0,1.0,false,15.0,227
172.0,14.12,-5887.0,-143.585366,0.869433,-0.319286,-2.178713,0.0,16.9559,41.0,false,false,20.0,1.0,false,10.0,228
12.0,14.12,-5887.0,-143.585366,0.869433,-0.319286,-2.178713,0.0,16.9559,41.0,false,false,20.0,1.0,false,5.0,229
364.0,13.71,10771.0,234.152174,1.155729,0.362611,1.33831,0.0,23.0763,46.0,false,false,20.0,3.0,false,15.0,230
204.0,13.71,10771.0,234.152174,1.155729,0.362611,1.33831,0.0,23.0763,46.0,false,false,20.0,3.0,false,10.0,231
44.0,13.71,10771.0,234.152174,1.155729,0.362611,1.33831,0.0,23.0763,46.0,false,false,20.0,3.0,false,5.0,232
472.0,12.86,5636.0,115.020408,1.1472,0.210999,0.842964,0.0,21.6796,49.0,false,false,15.0,5.0,true,15.0,233
380.0,10.69,12618.0,268.468085,1.164526,0.410462,1.076889,0.0,24.4455,47.0,false,false,20.0,4.0,false,15.0,234
220.0,10.69,12618.0,268.468085,1.164526,0.410462,1.076889,0.0,24.4455,47.0,false,false,20.0,4.0,false,10.0,235
60.0,10.69,12618.0,268.468085,1.164526,0.410462,1.076889,0.0,24.4455,47.0,false,false,20.0,4.0,false,5.0,236
476.0,10.38,7129.0,142.58,1.155996,0.254607,0.839214,0.0,23.891,50.0,false,false,20.0,5.0,true,15.0,237
407.0,9.91,9841.0,339.344828,1.961035,3.347279,23.69643,0.0,2.6553,29.0,true,true,10.0,1.0,true,15.0,238
327.0,9.91,9841.0,339.344828,1.961035,3.347279,23.69643,0.0,2.6553,29.0,true,true,10.0,1.0,false,15.0,239
247.0,9.91,9841.0,339.344828,1.961035,3.347279,23.69643,0.0,2.6553,29.0,true,true,10.0,1.0,true,10.0,240
167.0,9.91,9841.0,339.344828,1.961035,3.347279,23.69643,0.0,2.6553,29.0,true,true,10.0,1.0,false,10.0,241
7.0,9.91,9841.0,339.344828,1.961035,3.347279,23.69643,0.0,2.6553,29.0,true,true,10.0,1.0,false,5.0,242
419.0,9.2,6540.0,225.517241,1.759582,3.253731,34.45953,0.0,1.9654,29.0,true,true,5.0,2.0,true,15.0,243
339.0,9.2,6540.0,225.517241,1.759582,3.253731,34.45953,0.0,1.9654,29.0,true,true,5.0,2.0,false,15.0,244
259.0,9.2,6540.0,225.517241,1.759582,3.253731,34.45953,0.0,1.9654,29.0,true,true,5.0,2.0,true,10.0,245
179.0,9.2,6540.0,225.517241,1.759582,3.253731,34.45953,0.0,1.9654,29.0,true,true,5.0,2.0,false,10.0,246
19.0,9.2,6540.0,225.517241,1.759582,3.253731,34.45953,0.0,1.9654,29.0,true,true,5.0,2.0,false,5.0,247
118.0,8.31,12376.0,442.0,2.498486,3.608163,16.235395,0.0,3.2227,28.0,false,true,10.0,3.0,true,5.0,248
266.0,8.3,20166.0,720.214286,2.683727,4.979259,12.297798,0.0,3.82,28.0,false,true,15.0,2.0,true,10.0,249
106.0,8.29,13226.0,472.357143,2.785126,3.026545,15.086068,0.0,4.2243,28.0,false,true,15.0,2.0,true,5.0,250
250.0,8.25,11898.0,424.928571,2.010103,2.937778,12.744465,0.0,3.9259,28.0,false,true,15.0,1.0,true,10.0,251
146.0,8.12,7661.0,273.607143,2.043875,2.614676,19.239989,0.0,2.6945,28.0,false,true,5.0,5.0,true,5.0,252
388.0,8.04,-5996.0,-124.916667,0.866587,-0.220563,-1.319551,0.0,22.4319,48.0,false,false,10.0,5.0,false,15.0,253
228.0,8.04,-5996.0,-124.916667,0.866587,-0.220563,-1.319551,0.0,22.4319,48.0,false,false,10.0,5.0,false,10.0,254
68.0,8.04,-5996.0,-124.916667,0.866587,-0.220563,-1.319551,0.0,22.4319,48.0,false,false,10.0,5.0,false,5.0,255
254.0,8.0,11813.0,421.892857,1.863839,2.339208,8.624361,0.0,4.8543,28.0,false,true,20.0,1.0,true,10.0,256
426.0,7.97,15270.0,545.357143,1.904996,3.11315,7.664687,0.0,4.2309,28.0,false,true,15.0,2.0,true,15.0,257
138.0,7.97,15793.0,564.035714,3.047582,2.178946,8.232331,0.0,7.0219,28.0,false,true,15.0,4.0,true,5.0,258
262.0,7.89,10120.0,361.428571,1.880996,2.629938,11.282059,0.0,3.3973,28.0,false,true,10.0,2.0,true,10.0,259
126.0,7.67,15674.0,559.785714,3.001277,1.900339,7.820153,0.0,7.9907,28.0,false,true,20.0,3.0,true,5.0,260
278.0,7.65,17656.0,630.571429,2.523908,4.588358,13.419103,0.0,3.1853,28.0,false,true,10.0,3.0,true,10.0,261
150.0,7.42,10973.0,391.892857,2.281443,1.718559,6.836399,0.0,5.4733,28.0,false,true,10.0,5.0,true,5.0,262
410.0,7.4,10032.0,358.285714,1.605212,2.100063,7.857594,0.0,4.3862,28.0,false,true,15.0,1.0,true,15.0,263
330.0,7.4,10032.0,358.285714,1.605212,2.100063,7.857594,0.0,4.3862,28.0,false,true,15.0,1.0,false,15.0,264
170.0,7.4,10032.0,358.285714,1.605212,2.100063,7.857594,0.0,4.3862,28.0,false,true,15.0,1.0,false,10.0,265
10.0,7.4,10032.0,358.285714,1.605212,2.100063,7.857594,0.0,4.3862,28.0,false,true,15.0,1.0,false,5.0,266
414.0,7.31,11387.0,406.678571,1.632541,1.967686,6.373087,0.0,5.2819,28.0,false,true,20.0,1.0,true,15.0,267
94.0,7.25,8502.0,303.642857,2.129384,1.58324,13.490652,0.0,5.2416,28.0,false,true,20.0,1.0,true,5.0,268
306.0,7.24,13472.0,481.142857,2.515581,5.163664,23.040032,0.0,2.2476,28.0,false,true,5.0,5.0,true,10.0,269
290.0,7.21,9012.0,321.857143,2.013837,3.454197,17.34548,0.0,2.3374,28.0,false,true,5.0,4.0,true,10.0,270
298.0,7.16,28713.0,1025.464286,3.281526,2.722386,10.123049,0.0,7.9595,28.0,false,true,15.0,4.0,true,10.0,271
286.0,7.14,26916.0,961.285714,2.871506,2.626976,8.870152,0.0,7.8567,28.0,false,true,20.0,3.0,true,10.0,272
102.0,7.12,5791.0,206.821429,1.701174,1.688338,12.583543,0.0,3.307,28.0,false,true,10.0,2.0,true,5.0,273
87.0,7.04,3950.0,136.206897,1.479951,0.936019,15.985889,0.0,4.1067,29.0,true,true,10.0,1.0,true,5.0,274
122.0,7.01,9883.0,352.964286,2.281343,1.363549,5.764093,0.0,7.0219,28.0,false,true,15.0,3.0,true,5.0,275
466.0,6.97,11843.0,422.964286,2.125975,3.657505,18.699423,0.0,2.8137,28.0,false,true,5.0,5.0,true,15.0,276
90.0,6.96,6171.0,220.392857,1.832906,1.412128,13.173939,0.0,4.2852,28.0,false,true,15.0,1.0,true,5.0,277
386.0,6.93,11343.0,405.107143,2.029497,3.03451,17.873816,0.0,3.2481,28.0,false,true,5.0,5.0,false,15.0,278
226.0,6.93,11343.0,405.107143,2.029497,3.03451,17.873816,0.0,3.2481,28.0,false,true,5.0,5.0,false,10.0,279
66.0,6.93,11343.0,405.107143,2.029497,3.03451,17.873816,0.0,3.2481,28.0,false,true,5.0,5.0,false,5.0,280
438.0,6.87,13260.0,473.571429,1.829683,3.11487,8.548902,0.0,3.6225,28.0,false,true,10.0,3.0,true,15.0,281
130.0,6.82,4711.0,168.25,1.641913,1.60785,13.815113,0.0,2.7571,28.0,false,true,5.0,4.0,true,5.0,282
159.0,6.8,7165.0,247.068966,1.579693,0.722788,4.103607,0.0,9.1876,29.0,true,true,20.0,5.0,true,5.0,283
274.0,6.8,6121.0,218.607143,1.688604,2.488211,16.799323,0.0,2.3038,28.0,false,true,5.0,3.0,true,10.0,284
110.0,6.73,7901.0,282.178571,2.00881,0.957929,5.093022,0.0,7.9907,28.0,false,true,20.0,2.0,true,5.0,285
134.0,6.72,7170.0,256.071429,1.837323,1.122944,5.296413,0.0,5.6577,28.0,false,true,10.0,4.0,true,5.0,286
406.0,6.72,6308.0,225.285714,1.559269,1.66,11.532162,0.0,3.6847,28.0,false,true,10.0,1.0,true,15.0,287
326.0,6.72,6308.0,225.285714,1.559269,1.66,11.532162,0.0,3.6847,28.0,false,true,10.0,1.0,false,15.0,288
246.0,6.72,6308.0,225.285714,1.559269,1.66,11.532162,0.0,3.6847,28.0,false,true,10.0,1.0,true,10.0,289
166.0,6.72,6308.0,225.285714,1.559269,1.66,11.532162,0.0,3.6847,28.0,false,true,10.0,1.0,false,10.0,290
6.0,6.72,6308.0,225.285714,1.559269,1.66,11.532162,0.0,3.6847,28.0,false,true,10.0,1.0,false,5.0,291
446.0,6.62,26310.0,939.642857,2.406275,2.099258,7.262707,0.0,9.7631,28.0,false,true,20.0,3.0,true,15.0,292
319.0,6.59,14291.0,492.793103,1.943612,1.156043,4.422642,0.0,10.5226,29.0,true,true,20.0,5.0,true,10.0,293
450.0,6.46,7383.0,263.678571,1.70194,2.280111,13.003723,0.0,2.9271,28.0,false,true,5.0,4.0,true,15.0,294
362.0,6.42,19994.0,714.071429,1.720037,2.182751,4.571721,0.0,7.1211,28.0,false,true,15.0,3.0,false,15.0,295
202.0,6.42,19994.0,714.071429,1.720037,2.182751,4.571721,0.0,7.1211,28.0,false,true,15.0,3.0,false,10.0,296
42.0,6.42,19994.0,714.071429,1.720037,2.182751,4.571721,0.0,7.1211,28.0,false,true,15.0,3.0,false,5.0,297
458.0,6.38,23817.0,850.607143,2.362451,1.931004,7.514599,0.0,9.4146,28.0,false,true,15.0,4.0,true,15.0,298
282.0,6.38,18303.0,653.678571,2.45435,1.735375,7.027106,0.0,8.5332,28.0,false,true,15.0,3.0,true,10.0,299
119.0,6.17,2699.0,93.068966,1.302714,0.457458,3.728491,0.0,5.6178,29.0,true,true,10.0,3.0,true,5.0,300
251.0,6.16,2534.0,87.37931,1.20424,0.485441,3.465157,0.0,4.9681,29.0,true,true,15.0,1.0,true,10.0,301
383.0,6.13,27852.0,960.413793,1.667242,1.351383,3.251853,0.0,15.2197,29.0,true,true,20.0,4.0,false,15.0,302
223.0,6.13,27852.0,960.413793,1.667242,1.351383,3.251853,0.0,15.2197,29.0,true,true,20.0,4.0,false,10.0,303
63.0,6.13,27852.0,960.413793,1.667242,1.351383,3.251853,0.0,15.2197,29.0,true,true,20.0,4.0,false,5.0,304
310.0,6.11,17253.0,616.178571,2.414876,1.722544,7.710295,0.0,7.9135,28.0,false,true,10.0,5.0,true,10.0,305
267.0,6.1,4912.0,169.37931,1.389409,0.730952,4.165259,0.0,6.0664,29.0,true,true,15.0,2.0,true,10.0,306
279.0,6.08,6481.0,223.482759,1.586781,1.038622,6.447429,0.0,5.6586,29.0,true,true,10.0,3.0,true,10.0,307
287.0,6.06,9056.0,312.275862,1.626323,0.732568,4.696397,0.0,10.6426,29.0,true,true,20.0,3.0,true,10.0,308
403.0,6.05,970.0,33.448276,1.128307,0.363296,10.214512,0.0,2.6373,29.0,true,true,5.0,1.0,true,15.0,309
323.0,6.05,970.0,33.448276,1.128307,0.363296,10.214512,0.0,2.6373,29.0,true,true,5.0,1.0,false,15.0,310
243.0,6.05,970.0,33.448276,1.128307,0.363296,10.214512,0.0,2.6373,29.0,true,true,5.0,1.0,true,10.0,311
163.0,6.05,970.0,33.448276,1.128307,0.363296,10.214512,0.0,2.6373,29.0,true,true,5.0,1.0,false,10.0,312
83.0,6.05,970.0,33.448276,1.128307,0.363296,10.214512,0.0,2.6373,29.0,true,true,5.0,1.0,true,5.0,313
3.0,6.05,970.0,33.448276,1.128307,0.363296,10.214512,0.0,2.6373,29.0,true,true,5.0,1.0,false,5.0,314
363.0,6.05,18752.0,646.62069,1.643978,1.111098,5.077839,0.0,12.4435,29.0,true,true,15.0,3.0,false,15.0,315
203.0,6.05,18752.0,646.62069,1.643978,1.111098,5.077839,0.0,12.4435,29.0,true,true,15.0,3.0,false,10.0,316
43.0,6.05,18752.0,646.62069,1.643978,1.111098,5.077839,0.0,12.4435,29.0,true,true,15.0,3.0,false,5.0,317
395.0,6.01,23078.0,795.793103,1.659994,1.156212,3.324681,0.0,14.2233,29.0,true,true,15.0,5.0,false,15.0,318
235.0,6.01,23078.0,795.793103,1.659994,1.156212,3.324681,0.0,14.2233,29.0,true,true,15.0,5.0,false,10.0,319
75.0,6.01,23078.0,795.793103,1.659994,1.156212,3.324681,0.0,14.2233,29.0,true,true,15.0,5.0,false,5.0,320
315.0,6.0,8634.0,297.724138,1.660193,0.699676,3.156072,0.0,10.2217,29.0,true,true,15.0,5.0,true,10.0,321
99.0,5.98,2590.0,89.310345,1.341689,0.799383,18.206125,0.0,3.1737,29.0,true,true,5.0,2.0,true,5.0,322
399.0,5.92,31675.0,1092.241379,1.709661,1.316282,2.755787,0.0,17.1287,29.0,true,true,20.0,5.0,false,15.0,323
239.0,5.92,31675.0,1092.241379,1.709661,1.316282,2.755787,0.0,17.1287,29.0,true,true,20.0,5.0,false,10.0,324
79.0,5.92,31675.0,1092.241379,1.709661,1.316282,2.755787,0.0,17.1287,29.0,true,true,20.0,5.0,false,5.0,325
379.0,5.92,19589.0,675.482759,1.59402,1.168864,3.917491,0.0,12.4009,29.0,true,true,15.0,4.0,false,15.0,326
219.0,5.92,19589.0,675.482759,1.59402,1.168864,3.917491,0.0,12.4009,29.0,true,true,15.0,4.0,false,10.0,327
59.0,5.92,19589.0,675.482759,1.59402,1.168864,3.917491,0.0,12.4009,29.0,true,true,15.0,4.0,false,5.0,328
460.0,5.91,-2573.0,-51.46,0.943698,-0.091893,-0.314742,0.0,25.1441,50.0,false,false,20.0,4.0,true,15.0,329
370.0,5.83,6883.0,245.821429,1.624705,1.841359,12.093971,0.0,3.3791,28.0,false,true,5.0,4.0,false,15.0,330
210.0,5.83,6883.0,245.821429,1.624705,1.841359,12.093971,0.0,3.3791,28.0,false,true,5.0,4.0,false,10.0,331
50.0,5.83,6883.0,245.821429,1.624705,1.841359,12.093971,0.0,3.3791,28.0,false,true,5.0,4.0,false,5.0,332
270.0,5.81,13153.0,469.75,1.914546,1.28372,5.202044,0.0,8.6364,28.0,false,true,20.0,2.0,true,10.0,333
114.0,5.73,3221.0,115.035714,1.438888,1.099317,12.383552,0.0,2.8236,28.0,false,true,5.0,3.0,true,5.0,334
314.0,5.67,23142.0,826.5,2.717913,1.404674,4.997865,0.0,12.5403,28.0,false,true,15.0,5.0,true,10.0,335
318.0,5.63,23153.0,826.892857,2.434155,1.386905,4.516391,0.0,12.9206,28.0,false,true,20.0,5.0,true,10.0,336
479.0,5.62,19304.0,665.655172,1.649332,0.865689,3.566532,0.0,16.5756,29.0,true,true,20.0,5.0,true,15.0,337
303.0,5.6,8390.0,289.310345,1.553978,0.678693,2.787765,0.0,10.8945,29.0,true,true,20.0,4.0,true,10.0,338
154.0,5.54,5732.0,204.714286,1.666589,0.447358,1.591043,0.0,10.8728,28.0,false,true,15.0,5.0,true,5.0,339
294.0,5.47,11420.0,407.857143,1.936526,1.140176,5.803951,0.0,8.2958,28.0,false,true,10.0,4.0,true,10.0,340
394.0,5.42,23899.0,853.535714,1.70374,1.45433,3.012499,0.0,12.0108,28.0,false,true,15.0,5.0,false,15.0,341
234.0,5.42,23899.0,853.535714,1.70374,1.45433,3.012499,0.0,12.0108,28.0,false,true,15.0,5.0,false,10.0,342
74.0,5.42,23899.0,853.535714,1.70374,1.45433,3.012499,0.0,12.0108,28.0,false,true,15.0,5.0,false,5.0,343
86.0,5.4,2781.0,99.321429,1.340809,0.684975,8.825739,0.0,3.9625,28.0,false,true,10.0,1.0,true,5.0,344
143.0,5.36,3274.0,112.896552,1.264887,0.330273,2.082673,0.0,9.3612,29.0,true,true,20.0,4.0,true,5.0,345
255.0,5.35,1877.0,64.724138,1.134119,0.301768,1.845951,0.0,5.8332,29.0,true,true,20.0,1.0,true,10.0,346
478.0,5.35,22547.0,805.25,2.101412,1.187872,3.91336,0.0,14.9263,28.0,false,true,20.0,5.0,true,15.0,347
470.0,5.32,12857.0,459.178571,1.774985,1.097763,5.222881,0.0,9.402,28.0,false,true,10.0,5.0,true,15.0,348
442.0,5.31,13407.0,478.821429,1.766947,1.086995,4.554886,0.0,10.1016,28.0,false,true,15.0,3.0,true,15.0,349
474.0,5.28,18246.0,651.642857,1.993412,0.999124,3.682739,0.0,14.0611,28.0,false,true,15.0,5.0,true,15.0,350
378.0,5.28,20962.0,748.642857,1.65823,1.365069,3.882089,0.0,11.4345,28.0,false,true,15.0,4.0,false,15.0,351
218.0,5.28,20962.0,748.642857,1.65823,1.365069,3.882089,0.0,11.4345,28.0,false,true,15.0,4.0,false,10.0,352
58.0,5.28,20962.0,748.642857,1.65823,1.365069,3.882089,0.0,11.4345,28.0,false,true,15.0,4.0,false,5.0,353
302.0,5.26,15411.0,550.392857,1.954596,0.923146,3.146138,0.0,13.5323,28.0,false,true,20.0,4.0,true,10.0,354
459.0,5.25,11560.0,398.62069,1.488134,0.661516,3.57756,0.0,13.5691,29.0,true,true,15.0,4.0,true,15.0,355
359.0,5.25,8516.0,293.655172,1.409738,1.082909,5.221274,0.0,6.792,29.0,true,true,10.0,3.0,false,15.0,356
199.0,5.25,8516.0,293.655172,1.409738,1.082909,5.221274,0.0,6.792,29.0,true,true,10.0,3.0,false,10.0,357
39.0,5.25,8516.0,293.655172,1.409738,1.082909,5.221274,0.0,6.792,29.0,true,true,10.0,3.0,false,5.0,358
374.0,5.2,13581.0,485.035714,1.639136,1.287787,4.856083,0.0,8.4961,28.0,false,true,10.0,4.0,false,15.0,359
214.0,5.2,13581.0,485.035714,1.639136,1.287787,4.856083,0.0,8.4961,28.0,false,true,10.0,4.0,false,10.0,360
54.0,5.2,13581.0,485.035714,1.639136,1.287787,4.856083,0.0,8.4961,28.0,false,true,10.0,4.0,false,5.0,361
430.0,5.18,12727.0,454.535714,1.680261,1.015479,4.185879,0.0,10.7489,28.0,false,true,20.0,2.0,true,15.0,362
367.0,5.14,19411.0,669.344828,1.497004,0.912729,3.384355,0.0,16.1514,29.0,true,true,20.0,3.0,false,15.0,363
207.0,5.14,19411.0,669.344828,1.497004,0.912729,3.384355,0.0,16.1514,29.0,true,true,20.0,3.0,false,10.0,364
47.0,5.14,19411.0,669.344828,1.497004,0.912729,3.384355,0.0,16.1514,29.0,true,true,20.0,3.0,false,5.0,365
439.0,5.13,7614.0,262.551724,1.403241,0.904276,5.794743,0.0,7.2722,29.0,true,true,10.0,3.0,true,15.0,366
98.0,5.13,1711.0,61.107143,1.233138,0.551935,8.580094,0.0,3.0256,28.0,false,true,5.0,2.0,true,5.0,367
447.0,5.11,12590.0,434.137931,1.440934,0.767777,3.598607,0.0,13.0324,29.0,true,true,20.0,3.0,true,15.0,368
418.0,5.07,4101.0,146.464286,1.461357,1.444014,15.142562,0.0,2.7538,28.0,false,true,5.0,2.0,true,15.0,369
338.0,5.07,4101.0,146.464286,1.461357,1.444014,15.142562,0.0,2.7538,28.0,false,true,5.0,2.0,false,15.0,370
258.0,5.07,4101.0,146.464286,1.461357,1.444014,15.142562,0.0,2.7538,28.0,false,true,5.0,2.0,true,10.0,371
178.0,5.07,4101.0,146.464286,1.461357,1.444014,15.142562,0.0,2.7538,28.0,false,true,5.0,2.0,false,10.0,372
18.0,5.07,4101.0,146.464286,1.461357,1.444014,15.142562,0.0,2.7538,28.0,false,true,5.0,2.0,false,5.0,373
434.0,5.05,4492.0,160.428571,1.427077,1.721732,10.85389,0.0,2.456,28.0,false,true,5.0,3.0,true,15.0,374
354.0,5.05,4492.0,160.428571,1.427077,1.721732,10.85389,0.0,2.456,28.0,false,true,5.0,3.0,false,15.0,375
194.0,5.05,4492.0,160.428571,1.427077,1.721732,10.85389,0.0,2.456,28.0,false,true,5.0,3.0,false,10.0,376
34.0,5.05,4492.0,160.428571,1.427077,1.721732,10.85389,0.0,2.456,28.0,false,true,5.0,3.0,false,5.0,377
402.0,4.99,701.0,25.035714,1.095517,0.226861,4.983897,0.0,3.0407,28.0,false,true,5.0,1.0,true,15.0,378
322.0,4.99,701.0,25.035714,1.095517,0.226861,4.983897,0.0,3.0407,28.0,false,true,5.0,1.0,false,15.0,379
242.0,4.99,701.0,25.035714,1.095517,0.226861,4.983897,0.0,3.0407,28.0,false,true,5.0,1.0,true,10.0,380
162.0,4.99,701.0,25.035714,1.095517,0.226861,4.983897,0.0,3.0407,28.0,false,true,5.0,1.0,false,10.0,381
82.0,4.99,701.0,25.035714,1.095517,0.226861,4.983897,0.0,3.0407,28.0,false,true,5.0,1.0,true,5.0,382
2.0,4.99,701.0,25.035714,1.095517,0.226861,4.983897,0.0,3.0407,28.0,false,true,5.0,1.0,false,5.0,383
391.0,4.99,9809.0,338.241379,1.401975,0.666372,3.571591,0.0,11.9963,29.0,true,true,10.0,5.0,false,15.0,384
231.0,4.99,9809.0,338.241379,1.401975,0.666372,3.571591,0.0,11.9963,29.0,true,true,10.0,5.0,false,10.0,385
71.0,4.99,9809.0,338.241379,1.401975,0.666372,3.571591,0.0,11.9963,29.0,true,true,10.0,5.0,false,5.0,386
475.0,4.88,12137.0,418.517241,1.50211,0.530556,2.616569,0.0,16.975,29.0,true,true,15.0,5.0,true,15.0,387
387.0,4.87,4062.0,140.068966,1.315446,0.879792,3.758704,0.0,4.3331,29.0,true,true,5.0,5.0,false,15.0,388
227.0,4.87,4062.0,140.068966,1.315446,0.879792,3.758704,0.0,4.3331,29.0,true,true,5.0,5.0,false,10.0,389
67.0,4.87,4062.0,140.068966,1.315446,0.879792,3.758704,0.0,4.3331,29.0,true,true,5.0,5.0,false,5.0,390
462.0,4.84,14805.0,528.75,1.723218,0.779991,2.670702,0.0,15.6449,28.0,false,true,20.0,4.0,true,15.0,391
375.0,4.81,8123.0,280.103448,1.353481,0.551834,3.488802,0.0,12.0617,29.0,true,true,10.0,4.0,false,15.0,392
215.0,4.81,8123.0,280.103448,1.353481,0.551834,3.488802,0.0,12.0617,29.0,true,true,10.0,4.0,false,10.0,393
55.0,4.81,8123.0,280.103448,1.353481,0.551834,3.488802,0.0,12.0617,29.0,true,true,10.0,4.0,false,5.0,394
299.0,4.78,4536.0,156.413793,1.346842,0.367585,2.634844,0.0,10.5808,29.0,true,true,15.0,4.0,true,10.0,395
358.0,4.77,9091.0,324.678571,1.451144,1.428055,5.242959,0.0,5.5137,28.0,false,true,10.0,3.0,false,15.0,396
198.0,4.77,9091.0,324.678571,1.451144,1.428055,5.242959,0.0,5.5137,28.0,false,true,10.0,3.0,false,10.0,397
38.0,4.77,9091.0,324.678571,1.451144,1.428055,5.242959,0.0,5.5137,28.0,false,true,10.0,3.0,false,5.0,398
347.0,4.7,7769.0,267.896552,1.282396,0.559847,3.361219,0.0,11.4077,29.0,true,true,15.0,2.0,false,15.0,399
187.0,4.7,7769.0,267.896552,1.282396,0.559847,3.361219,0.0,11.4077,29.0,true,true,15.0,2.0,false,10.0,400
27.0,4.7,7769.0,267.896552,1.282396,0.559847,3.361219,0.0,11.4077,29.0,true,true,15.0,2.0,false,5.0,401
427.0,4.66,6357.0,219.206897,1.274969,0.506978,3.255797,0.0,10.5684,29.0,true,true,15.0,2.0,true,15.0,402
351.0,4.62,12512.0,431.448276,1.365869,0.607084,3.096674,0.0,16.0881,29.0,true,true,20.0,2.0,false,15.0,403
191.0,4.62,12512.0,431.448276,1.365869,0.607084,3.096674,0.0,16.0881,29.0,true,true,20.0,2.0,false,10.0,404
31.0,4.62,12512.0,431.448276,1.365869,0.607084,3.096674,0.0,16.0881,29.0,true,true,20.0,2.0,false,5.0,405
467.0,4.62,2620.0,90.344828,1.218607,0.626345,3.400035,0.0,3.9257,29.0,true,true,5.0,5.0,true,15.0,406
275.0,4.56,1332.0,45.931034,1.144814,0.25527,3.987461,0.0,5.0818,29.0,true,true,5.0,3.0,true,10.0,407
435.0,4.55,1752.0,60.413793,1.148752,0.596324,4.672903,0.0,2.8719,29.0,true,true,5.0,3.0,true,15.0,408
355.0,4.55,1752.0,60.413793,1.148752,0.596324,4.672903,0.0,2.8719,29.0,true,true,5.0,3.0,false,15.0,409
195.0,4.55,1752.0,60.413793,1.148752,0.596324,4.672903,0.0,2.8719,29.0,true,true,5.0,3.0,false,10.0,410
35.0,4.55,1752.0,60.413793,1.148752,0.596324,4.672903,0.0,2.8719,29.0,true,true,5.0,3.0,false,5.0,411
422.0,4.5,5724.0,204.428571,1.360385,1.344609,5.029282,0.0,3.8707,28.0,false,true,10.0,2.0,true,15.0,412
471.0,4.44,5071.0,174.862069,1.260787,0.356912,2.44195,0.0,11.9366,29.0,true,true,10.0,5.0,true,15.0,413
311.0,4.33,3105.0,107.068966,1.269789,0.302307,2.11238,0.0,9.0793,29.0,true,true,10.0,5.0,true,10.0,414
346.0,4.31,9091.0,324.678571,1.34909,1.144242,3.850348,0.0,6.8542,28.0,false,true,15.0,2.0,false,15.0,415
186.0,4.31,9091.0,324.678571,1.34909,1.144242,3.850348,0.0,6.8542,28.0,false,true,15.0,2.0,false,10.0,416
26.0,4.31,9091.0,324.678571,1.34909,1.144242,3.850348,0.0,6.8542,28.0,false,true,15.0,2.0,false,5.0,417
454.0,4.24,7024.0,250.857143,1.423388,0.599727,3.196905,0.0,9.8639,28.0,false,true,10.0,4.0,true,15.0,418
107.0,4.2,600.0,20.689655,1.054471,0.094044,0.684312,0.0,6.1051,29.0,true,true,15.0,2.0,true,5.0,419
390.0,4.12,9924.0,354.428571,1.407942,0.673498,2.695869,0.0,11.8202,28.0,false,true,10.0,5.0,false,15.0,420
230.0,4.12,9924.0,354.428571,1.407942,0.673498,2.695869,0.0,11.8202,28.0,false,true,10.0,5.0,false,10.0,421
70.0,4.12,9924.0,354.428571,1.407942,0.673498,2.695869,0.0,11.8202,28.0,false,true,10.0,5.0,false,5.0,422
95.0,4.05,25.0,0.862069,1.002102,0.004181,0.036758,0.0,5.8387,29.0,true,true,20.0,1.0,true,5.0,423
366.0,4.05,16648.0,594.571429,1.417442,0.851342,2.702946,0.0,15.0597,28.0,false,true,20.0,3.0,false,15.0,424
206.0,4.05,16648.0,594.571429,1.417442,0.851342,2.702946,0.0,15.0597,28.0,false,true,20.0,3.0,false,10.0,425
46.0,4.05,16648.0,594.571429,1.417442,0.851342,2.702946,0.0,15.0597,28.0,false,true,20.0,3.0,false,5.0,426
350.0,4.01,11761.0,420.035714,1.337931,0.804116,2.581979,0.0,12.13,28.0,false,true,20.0,2.0,false,15.0,427
190.0,4.01,11761.0,420.035714,1.337931,0.804116,2.581979,0.0,12.13,28.0,false,true,20.0,2.0,false,10.0,428
30.0,4.01,11761.0,420.035714,1.337931,0.804116,2.581979,0.0,12.13,28.0,false,true,20.0,2.0,false,5.0,429
91.0,3.98,-1907.0,-65.758621,0.825318,-0.380639,-3.909942,0.0,4.9156,29.0,true,true,15.0,1.0,true,5.0,430
103.0,3.83,-896.0,-30.896552,0.899507,-0.151864,-1.945345,0.0,5.711,29.0,true,true,10.0,2.0,true,5.0,431
463.0,3.7,9403.0,324.241379,1.31629,0.421678,1.879345,0.0,17.625,29.0,true,true,20.0,4.0,true,15.0,432
371.0,3.56,985.0,33.965517,1.076493,0.213342,1.570449,0.0,4.4254,29.0,true,true,5.0,4.0,false,15.0,433
211.0,3.56,985.0,33.965517,1.076493,0.213342,1.570449,0.0,4.4254,29.0,true,true,5.0,4.0,false,10.0,434
51.0,3.56,985.0,33.965517,1.076493,0.213342,1.570449,0.0,4.4254,29.0,true,true,5.0,4.0,false,5.0,435
411.0,3.48,-461.0,-15.896552,0.979793,-0.044914,-0.339469,0.0,9.5008,29.0,true,true,15.0,1.0,true,15.0,436
331.0,3.48,-461.0,-15.896552,0.979793,-0.044914,-0.339469,0.0,9.5008,29.0,true,true,15.0,1.0,false,15.0,437
171.0,3.48,-461.0,-15.896552,0.979793,-0.044914,-0.339469,0.0,9.5008,29.0,true,true,15.0,1.0,false,10.0,438
11.0,3.48,-461.0,-15.896552,0.979793,-0.044914,-0.339469,0.0,9.5008,29.0,true,true,15.0,1.0,false,5.0,439
127.0,3.46,-756.0,-26.068966,0.938835,-0.076263,-0.513723,0.0,9.5423,29.0,true,true,20.0,3.0,true,5.0,440
342.0,3.46,2615.0,93.392857,1.13769,0.410776,2.03419,0.0,5.8414,28.0,false,true,10.0,2.0,false,15.0,441
182.0,3.46,2615.0,93.392857,1.13769,0.410776,2.03419,0.0,5.8414,28.0,false,true,10.0,2.0,false,10.0,442
22.0,3.46,2615.0,93.392857,1.13769,0.410776,2.03419,0.0,5.8414,28.0,false,true,10.0,2.0,false,5.0,443
111.0,3.41,-4756.0,-164.0,0.61521,-0.426624,-3.416865,0.0,10.8107,29.0,true,true,20.0,2.0,true,5.0,444
263.0,3.33,926.0,31.931034,1.083839,0.148397,1.254796,0.0,5.8536,29.0,true,true,10.0,2.0,true,10.0,445
158.0,3.28,119.0,4.25,1.012404,0.009678,0.03185,0.0,11.0426,28.0,false,true,20.0,5.0,true,5.0,446
142.0,3.22,-1891.0,-67.535714,0.802898,-0.15379,-0.507965,0.0,11.2456,28.0,false,true,20.0,4.0,true,5.0,447
334.0,3.18,961.0,34.321429,1.033805,0.095101,0.406859,0.0,9.4214,28.0,false,true,20.0,1.0,false,15.0,448
174.0,3.18,961.0,34.321429,1.033805,0.095101,0.406859,0.0,9.4214,28.0,false,true,20.0,1.0,false,10.0,449
14.0,3.18,961.0,34.321429,1.033805,0.095101,0.406859,0.0,9.4214,28.0,false,true,20.0,1.0,false,5.0,450
155.0,2.9,-4276.0,-147.448276,0.627494,-0.41151,-3.159496,0.0,9.8163,29.0,true,true,15.0,5.0,true,5.0,451
139.0,2.89,-5776.0,-199.172414,0.49682,-0.555866,-4.447169,0.0,9.9574,29.0,true,true,15.0,4.0,true,5.0,452
123.0,2.89,-7266.0,-250.551724,0.367018,-0.68251,-5.0,0.0,10.3239,29.0,true,true,15.0,3.0,true,5.0,453
271.0,2.75,1046.0,36.068966,1.072342,0.084614,0.588203,0.0,11.2233,29.0,true,true,20.0,2.0,true,10.0,454
382.0,2.75,12851.0,458.964286,1.28456,0.624077,1.452608,0.0,16.4604,28.0,false,true,20.0,4.0,false,15.0,455
222.0,2.75,12851.0,458.964286,1.28456,0.624077,1.452608,0.0,16.4604,28.0,false,true,20.0,4.0,false,10.0,456
62.0,2.75,12851.0,458.964286,1.28456,0.624077,1.452608,0.0,16.4604,28.0,false,true,20.0,4.0,false,5.0,457
443.0,2.67,2580.0,88.965517,1.108944,0.147639,0.962061,0.0,14.5862,29.0,true,true,15.0,3.0,true,15.0,458
151.0,2.56,-4677.0,-161.275862,0.501386,-0.530754,-4.209065,0.0,8.4833,29.0,true,true,10.0,5.0,true,5.0,459
135.0,2.55,-5677.0,-195.758621,0.394776,-0.626808,-5.0,0.0,8.783,29.0,true,true,10.0,4.0,true,5.0,460
307.0,2.53,240.0,8.275862,1.025518,0.040241,0.339483,0.0,5.652,29.0,true,true,5.0,5.0,true,10.0,461
283.0,2.47,66.0,2.275862,1.005047,0.005348,0.040589,0.0,11.0025,29.0,true,true,15.0,3.0,true,10.0,462
451.0,2.46,-25.0,-0.862069,0.997914,-0.005429,-0.04533,0.0,4.4139,29.0,true,true,5.0,4.0,true,15.0,463
295.0,2.46,95.0,3.275862,1.008254,0.009249,0.066097,0.0,9.3274,29.0,true,true,10.0,4.0,true,10.0,464
115.0,2.44,-2158.0,-74.413793,0.735798,-0.375435,-5.0,0.0,5.6519,29.0,true,true,5.0,3.0,true,5.0,465
147.0,2.42,-1121.0,-38.655172,0.864384,-0.190809,-2.0368,0.0,5.6736,29.0,true,true,5.0,5.0,true,5.0,466
343.0,2.41,-951.0,-32.793103,0.954244,-0.104828,-0.911328,0.0,8.3906,29.0,true,true,10.0,2.0,false,15.0,467
183.0,2.41,-951.0,-32.793103,0.954244,-0.104828,-0.911328,0.0,8.3906,29.0,true,true,10.0,2.0,false,10.0,468
23.0,2.41,-951.0,-32.793103,0.954244,-0.104828,-0.911328,0.0,8.3906,29.0,true,true,10.0,2.0,false,5.0,469
131.0,2.41,-2266.0,-78.137931,0.725865,-0.394224,-5.0,0.0,5.5969,29.0,true,true,5.0,4.0,true,5.0,470
423.0,2.41,-951.0,-32.793103,0.949635,-0.102017,-0.991512,0.0,8.6218,29.0,true,true,10.0,2.0,true,15.0,471
291.0,2.4,-1405.0,-48.448276,0.850611,-0.240706,-2.820194,0.0,5.6033,29.0,true,true,5.0,4.0,true,10.0,472
455.0,2.38,71.0,2.448276,1.003651,0.004997,0.037701,0.0,12.46,29.0,true,true,10.0,4.0,true,15.0,473
415.0,2.37,-4178.0,-144.068966,0.850732,-0.310609,-2.426784,0.0,12.3378,29.0,true,true,20.0,1.0,true,15.0,474
398.0,2.34,14063.0,502.25,1.292595,0.559855,1.46286,0.0,19.4815,28.0,false,true,20.0,5.0,false,15.0,475
238.0,2.34,14063.0,502.25,1.292595,0.559855,1.46286,0.0,19.4815,28.0,false,true,20.0,5.0,false,10.0,476
78.0,2.34,14063.0,502.25,1.292595,0.559855,1.46286,0.0,19.4815,28.0,false,true,20.0,5.0,false,5.0,477
335.0,2.33,-6248.0,-215.448276,0.804518,-0.376363,-3.172254,0.0,15.2271,29.0,true,true,20.0,1.0,false,15.0,478
175.0,2.33,-6248.0,-215.448276,0.804518,-0.376363,-3.172254,0.0,15.2271,29.0,true,true,20.0,1.0,false,10.0,479
15.0,2.33,-6248.0,-215.448276,0.804518,-0.376363,-3.172254,0.0,15.2271,29.0,true,true,20.0,1.0,false,5.0,480
431.0,2.25,-1156.0,-39.862069,0.959514,-0.070496,-0.415375,0.0,14.3742,29.0,true,true,20.0,2.0,true,15.0,481
