Pass,Result,Profit,Expected Payoff,Profit Factor,Recovery Factor,Sharpe Ratio,Custom,Equity DD %,Trades,InpUseRangeA,InpCancelSecondEntry,InpStopLossPips,InpRiskReward,InpAutoBreakeven,InpBreakevenPips,InpVariableRisk,XML_row
521.0,68.62,77369.99,1578.979388,2.191777,3.062975,5.676085,0.0,16.278,49.0,true,false,15.0,5.0,false,15.0,true,2
425.0,68.62,77369.99,1578.979388,2.191777,3.062975,5.676085,0.0,16.278,49.0,true,false,15.0,5.0,false,10.0,true,3
329.0,68.62,77369.99,1578.979388,2.191777,3.062975,5.676085,0.0,16.278,49.0,true,false,15.0,5.0,false,5.0,true,4
569.0,75.3,60068.89,1177.821373,2.577101,4.265014,7.248007,0.0,10.051,51.0,true,false,15.0,5.0,true,15.0,true,5
505.0,64.28,54710.28,1139.7975,2.003764,2.322021,6.363156,0.0,16.2774,48.0,true,false,15.0,4.0,false,15.0,true,6
409.0,64.28,54710.28,1139.7975,2.003764,2.322021,6.363156,0.0,16.2774,48.0,true,false,15.0,4.0,false,10.0,true,7
313.0,64.28,54710.28,1139.7975,2.003764,2.322021,6.363156,0.0,16.2774,48.0,true,false,15.0,4.0,false,5.0,true,8
509.0,64.98,51434.72,1071.556667,2.058386,2.390431,4.848382,0.0,16.0634,48.0,true,false,20.0,4.0,false,15.0,true,9
413.0,64.98,51434.72,1071.556667,2.058386,2.390431,4.848382,0.0,16.0634,48.0,true,false,20.0,4.0,false,10.0,true,10
317.0,64.98,51434.72,1071.556667,2.058386,2.390431,4.848382,0.0,16.0634,48.0,true,false,20.0,4.0,false,5.0,true,11
233.0,71.17,47651.72,972.484082,2.028861,3.104579,5.515782,0.0,11.0013,49.0,true,false,15.0,5.0,false,15.0,false,12
137.0,71.17,47651.72,972.484082,2.028861,3.104579,5.515782,0.0,11.0013,49.0,true,false,15.0,5.0,false,10.0,false,13
41.0,71.17,47651.72,972.484082,2.028861,3.104579,5.515782,0.0,11.0013,49.0,true,false,15.0,5.0,false,5.0,false,14
553.0,73.72,47586.74,951.7348,2.427459,3.606709,8.675814,0.0,9.482,50.0,true,false,15.0,4.0,true,15.0,true,15
473.0,86.97,44801.02,861.558077,3.234974,5.469869,9.759671,0.0,6.0107,52.0,true,false,15.0,5.0,true,10.0,true,16
281.0,75.42,44201.84,866.702745,2.413612,3.823351,6.880434,0.0,8.5506,51.0,true,false,15.0,5.0,true,15.0,false,17
557.0,75.42,41208.79,808.01549,2.433361,3.747419,6.365366,0.0,8.7334,51.0,true,false,20.0,4.0,true,15.0,true,18
573.0,62.99,40738.39,798.791961,2.218788,1.812749,4.149735,0.0,17.2219,51.0,true,false,20.0,5.0,true,15.0,true,19
185.0,86.98,38632.67,742.935962,3.124362,5.076166,9.547299,0.0,5.6988,52.0,true,false,15.0,5.0,true,10.0,false,20
525.0,29.98,38391.79,783.505918,1.575419,0.880923,2.105382,0.0,32.052,49.0,true,false,20.0,5.0,false,15.0,true,21
429.0,29.98,38391.79,783.505918,1.575419,0.880923,2.105382,0.0,32.052,49.0,true,false,20.0,5.0,false,10.0,true,22
333.0,29.98,38391.79,783.505918,1.575419,0.880923,2.105382,0.0,32.052,49.0,true,false,20.0,5.0,false,5.0,true,23
221.0,68.65,37583.16,782.9825,1.99383,2.789275,4.946986,0.0,10.6433,48.0,true,false,20.0,4.0,false,15.0,false,24
125.0,68.65,37583.16,782.9825,1.99383,2.789275,4.946986,0.0,10.6433,48.0,true,false,20.0,4.0,false,10.0,false,25
29.0,68.65,37583.16,782.9825,1.99383,2.789275,4.946986,0.0,10.6433,48.0,true,false,20.0,4.0,false,5.0,false,26
217.0,67.15,36512.02,760.667083,1.8745,2.462775,6.130891,0.0,11.0057,48.0,true,false,15.0,4.0,false,15.0,false,27
121.0,67.15,36512.02,760.667083,1.8745,2.462775,6.130891,0.0,11.0057,48.0,true,false,15.0,4.0,false,10.0,false,28
25.0,67.15,36512.02,760.667083,1.8745,2.462775,6.130891,0.0,11.0057,48.0,true,false,15.0,4.0,false,5.0,false,29
265.0,73.81,35771.49,715.4298,2.247109,3.513219,8.243048,0.0,7.621,50.0,true,false,15.0,4.0,true,15.0,false,30
466.0,7.24,35373.43,1263.336786,2.467783,4.49045,23.311848,0.0,5.4991,28.0,false,true,5.0,5.0,true,10.0,true,31
541.0,71.7,32920.17,671.840204,2.234795,3.010441,8.274588,0.0,8.7318,49.0,true,false,20.0,3.0,true,15.0,true,32
493.0,53.19,32815.53,698.202766,1.758859,1.612668,5.106813,0.0,16.0635,47.0,true,false,20.0,3.0,false,15.0,true,33
397.0,53.19,32815.53,698.202766,1.758859,1.612668,5.106813,0.0,16.0635,47.0,true,false,20.0,3.0,false,10.0,true,34
301.0,53.19,32815.53,698.202766,1.758859,1.612668,5.106813,0.0,16.0635,47.0,true,false,20.0,3.0,false,5.0,true,35
461.0,89.04,32602.83,626.9775,3.237759,5.055666,8.193057,0.0,5.3155,52.0,true,false,20.0,4.0,true,10.0,true,36
269.0,75.51,32105.85,629.526471,2.285534,3.833287,5.962696,0.0,6.8749,51.0,true,false,20.0,4.0,true,15.0,false,37
457.0,86.96,31799.04,611.52,2.706393,4.14817,12.108593,0.0,6.0111,52.0,true,false,15.0,4.0,true,10.0,true,38
562.0,6.95,31650.14,1130.362143,2.117366,3.145384,19.013712,0.0,7.1006,28.0,false,true,5.0,5.0,true,15.0,true,39
537.0,72.28,30202.25,604.045,2.010669,2.54918,7.799185,0.0,9.483,50.0,true,false,15.0,3.0,true,15.0,true,40
173.0,89.05,29816.66,573.397308,3.181922,5.064693,8.177505,0.0,4.8957,52.0,true,false,20.0,4.0,true,10.0,false,41
514.0,6.78,29661.26,1059.330714,1.97845,2.461252,17.830096,0.0,8.504,28.0,false,true,5.0,5.0,false,15.0,true,42
418.0,6.78,29661.26,1059.330714,1.97845,2.461252,17.830096,0.0,8.504,28.0,false,true,5.0,5.0,false,10.0,true,43
322.0,6.78,29661.26,1059.330714,1.97845,2.461252,17.830096,0.0,8.504,28.0,false,true,5.0,5.0,false,5.0,true,44
178.0,7.24,29438.88,1051.388571,2.369785,4.238255,21.930105,0.0,5.0929,28.0,false,true,5.0,5.0,true,10.0,false,45
285.0,64.9,28263.33,554.182941,2.08081,1.715697,3.76947,0.0,12.969,51.0,true,false,20.0,5.0,true,15.0,false,46
520.0,22.06,27383.05,595.283696,1.422443,0.758599,2.014021,0.0,27.4651,46.0,false,false,15.0,5.0,false,15.0,true,47
424.0,22.06,27383.05,595.283696,1.422443,0.758599,2.014021,0.0,27.4651,46.0,false,false,15.0,5.0,false,10.0,true,48
328.0,22.06,27383.05,595.283696,1.422443,0.758599,2.014021,0.0,27.4651,46.0,false,false,15.0,5.0,false,5.0,true,49
565.0,59.15,27334.04,557.837551,1.646474,1.779622,6.207874,0.0,12.1169,49.0,true,false,10.0,5.0,true,15.0,true,50
464.0,47.5,27216.7,591.667391,1.509124,1.628204,13.629198,0.0,11.6136,46.0,false,false,5.0,5.0,true,10.0,true,51
169.0,86.95,27182.29,522.736346,2.575339,3.800528,11.571097,0.0,5.6987,52.0,true,false,15.0,4.0,true,10.0,false,52
489.0,43.95,26330.76,572.407826,1.583797,1.27101,4.589151,0.0,16.2779,46.0,true,false,15.0,3.0,false,15.0,true,53
393.0,43.95,26330.76,572.407826,1.583797,1.27101,4.589151,0.0,16.2779,46.0,true,false,15.0,3.0,false,10.0,true,54
297.0,43.95,26330.76,572.407826,1.583797,1.27101,4.589151,0.0,16.2779,46.0,true,false,15.0,3.0,false,5.0,true,55
469.0,77.15,26177.94,503.421923,2.014729,2.743263,8.508001,0.0,8.228,52.0,true,false,10.0,5.0,true,10.0,true,56
253.0,71.81,26036.24,531.351837,2.114085,3.11911,7.959043,0.0,6.8727,49.0,true,false,20.0,3.0,true,15.0,false,57
445.0,89.09,25910.03,508.039804,2.995067,4.073757,12.927011,0.0,5.3155,51.0,true,false,20.0,3.0,true,10.0,true,58
477.0,79.28,25571.06,491.751154,2.60726,2.382458,4.18263,0.0,8.9473,52.0,true,false,20.0,5.0,true,10.0,true,59
274.0,6.93,25264.89,902.3175,2.016394,3.005789,17.636963,0.0,6.2882,28.0,false,true,5.0,5.0,true,15.0,false,60
513.0,47.62,25070.77,557.128222,1.467794,1.94,6.483544,0.0,10.9989,45.0,true,false,5.0,5.0,false,15.0,true,61
417.0,47.62,25070.77,557.128222,1.467794,1.94,6.483544,0.0,10.9989,45.0,true,false,5.0,5.0,false,10.0,true,62
321.0,47.62,25070.77,557.128222,1.467794,1.94,6.483544,0.0,10.9989,45.0,true,false,5.0,5.0,false,5.0,true,63
205.0,58.45,24335.36,517.773617,1.713122,1.893153,5.258095,0.0,10.6427,47.0,true,false,20.0,3.0,false,15.0,false,64
109.0,58.45,24335.36,517.773617,1.713122,1.893153,5.258095,0.0,10.6427,47.0,true,false,20.0,3.0,false,10.0,false,65
13.0,58.45,24335.36,517.773617,1.713122,1.893153,5.258095,0.0,10.6427,47.0,true,false,20.0,3.0,false,5.0,false,66
226.0,6.78,24011.78,857.563571,1.919622,2.486072,16.776229,0.0,7.2256,28.0,false,true,5.0,5.0,false,15.0,false,67
130.0,6.78,24011.78,857.563571,1.919622,2.486072,16.776229,0.0,7.2256,28.0,false,true,5.0,5.0,false,10.0,false,68
34.0,6.78,24011.78,857.563571,1.919622,2.486072,16.776229,0.0,7.2256,28.0,false,true,5.0,5.0,false,5.0,false,69
237.0,40.26,23963.89,489.05898,1.534025,1.019827,2.142972,0.0,18.5317,49.0,true,false,20.0,5.0,false,15.0,false,70
141.0,40.26,23963.89,489.05898,1.534025,1.019827,2.142972,0.0,18.5317,49.0,true,false,20.0,5.0,false,10.0,false,71
45.0,40.26,23963.89,489.05898,1.534025,1.019827,2.142972,0.0,18.5317,49.0,true,false,20.0,5.0,false,5.0,false,72
157.0,89.1,23511.63,461.012353,2.910195,4.055897,12.684618,0.0,4.8945,51.0,true,false,20.0,3.0,true,10.0,false,73
533.0,56.4,23317.42,506.900435,1.678166,1.96724,9.824171,0.0,9.4299,46.0,true,false,10.0,3.0,true,15.0,true,74
458.0,7.1,23208.6,828.878571,3.284345,2.515587,9.951513,0.0,7.3592,28.0,false,true,15.0,4.0,true,10.0,true,75
485.0,44.44,23088.37,501.921087,1.527533,1.327181,7.281515,0.0,13.6535,46.0,true,false,10.0,3.0,false,15.0,true,76
389.0,44.44,23088.37,501.921087,1.527533,1.327181,7.281515,0.0,13.6535,46.0,true,false,10.0,3.0,false,10.0,true,77
293.0,44.44,23088.37,501.921087,1.527533,1.327181,7.281515,0.0,13.6535,46.0,true,false,10.0,3.0,false,5.0,true,78
249.0,71.55,22903.46,458.0692,1.875531,2.471254,7.331681,0.0,7.621,50.0,true,false,15.0,3.0,true,15.0,false,79
381.0,92.49,22864.94,431.413962,3.001306,3.058822,6.169777,0.0,6.5014,53.0,true,false,20.0,5.0,true,5.0,true,80
450.0,7.19,22828.44,815.301429,2.007643,3.193901,17.838997,0.0,5.4991,28.0,false,true,5.0,4.0,true,10.0,true,81
189.0,79.81,22707.19,436.676731,2.564731,2.465389,4.100351,0.0,7.7622,52.0,true,false,20.0,5.0,true,10.0,false,82
437.0,79.28,21304.94,434.794694,1.929051,2.881632,11.301335,0.0,6.1895,49.0,true,false,10.0,3.0,true,10.0,true,83
522.0,4.9,20885.26,745.902143,1.651685,1.105274,2.709685,0.0,14.4716,28.0,false,true,15.0,5.0,false,15.0,true,84
426.0,4.9,20885.26,745.902143,1.651685,1.105274,2.709685,0.0,14.4716,28.0,false,true,15.0,5.0,false,10.0,true,85
330.0,4.9,20885.26,745.902143,1.651685,1.105274,2.709685,0.0,14.4716,28.0,false,true,15.0,5.0,false,5.0,true,86
438.0,7.65,20839.78,744.277857,2.494714,4.084037,12.946735,0.0,4.0849,28.0,false,true,10.0,3.0,true,10.0,true,87
527.0,5.9,20778.93,716.514828,1.676177,1.119001,2.623266,0.0,14.9593,29.0,true,true,20.0,5.0,false,15.0,true,88
431.0,5.9,20778.93,716.514828,1.676177,1.119001,2.623266,0.0,14.9593,29.0,true,true,20.0,5.0,false,10.0,true,89
335.0,5.9,20778.93,716.514828,1.676177,1.119001,2.623266,0.0,14.9593,29.0,true,true,20.0,5.0,false,5.0,true,90
93.0,92.52,20681.34,390.213962,2.922894,3.075265,6.141054,0.0,5.9146,53.0,true,false,20.0,5.0,true,5.0,false,91
365.0,92.89,20669.11,389.983208,2.918393,3.656231,8.32038,0.0,5.1483,53.0,true,false,20.0,4.0,true,5.0,true,92
370.0,8.12,20642.99,737.249643,2.142426,2.577896,20.635706,0.0,6.5798,28.0,false,true,5.0,5.0,true,5.0,true,93
377.0,93.24,20626.38,381.97,2.356232,2.839726,6.721088,0.0,6.4416,54.0,true,false,15.0,5.0,true,5.0,true,94
465.0,53.11,20551.19,419.412041,1.507228,1.628751,8.100228,0.0,11.1221,49.0,true,false,5.0,5.0,true,10.0,true,95
170.0,7.07,20402.94,728.676429,3.152447,2.43742,9.630152,0.0,6.7745,28.0,false,true,15.0,4.0,true,10.0,false,96
512.0,34.76,20325.6,451.68,1.333448,0.976554,9.066454,0.0,14.7469,45.0,false,false,5.0,5.0,false,15.0,true,97
416.0,34.76,20325.6,451.68,1.333448,0.976554,9.066454,0.0,14.7469,45.0,false,false,5.0,5.0,false,10.0,true,98
320.0,34.76,20325.6,451.68,1.333448,0.976554,9.066454,0.0,14.7469,45.0,false,false,5.0,5.0,false,5.0,true,99
523.0,5.33,20075.27,692.25069,1.567259,0.906314,2.954149,0.0,16.5974,29.0,true,true,15.0,5.0,false,15.0,true,100
427.0,5.33,20075.27,692.25069,1.567259,0.906314,2.954149,0.0,16.5974,29.0,true,true,15.0,5.0,false,10.0,true,101
331.0,5.33,20075.27,692.25069,1.567259,0.906314,2.954149,0.0,16.5974,29.0,true,true,15.0,5.0,false,5.0,true,102
470.0,5.71,19912.3,711.153571,2.253028,1.41441,7.01732,0.0,10.6043,28.0,false,true,10.0,5.0,true,10.0,true,103
554.0,6.18,19750.47,705.373929,2.383762,1.774559,7.364694,0.0,8.9356,28.0,false,true,15.0,4.0,true,15.0,true,104
176.0,43.84,19745.16,429.242609,1.460398,1.408086,12.685119,0.0,10.4829,46.0,false,false,5.0,5.0,true,10.0,false,105
524.0,17.2,19666.2,409.7125,1.306332,0.570322,1.643205,0.0,27.8564,48.0,false,false,20.0,5.0,false,15.0,true,106
428.0,17.2,19666.2,409.7125,1.306332,0.570322,1.643205,0.0,27.8564,48.0,false,false,20.0,5.0,false,10.0,true,107
332.0,17.2,19666.2,409.7125,1.306332,0.570322,1.643205,0.0,27.8564,48.0,false,false,20.0,5.0,false,5.0,true,108
560.0,35.61,19534.81,424.669783,1.316371,0.904206,8.583329,0.0,15.3071,46.0,false,false,5.0,5.0,true,15.0,true,109
201.0,46.4,19387.04,421.457391,1.539255,1.42818,4.654909,0.0,11.0009,46.0,true,false,15.0,3.0,false,15.0,false,110
105.0,46.4,19387.04,421.457391,1.539255,1.42818,4.654909,0.0,11.0009,46.0,true,false,15.0,3.0,false,10.0,false,111
9.0,46.4,19387.04,421.457391,1.539255,1.42818,4.654909,0.0,11.0009,46.0,true,false,15.0,3.0,false,5.0,false,112
197.0,47.86,19350.14,420.655217,1.525964,1.590486,7.449567,0.0,9.8846,46.0,true,false,10.0,3.0,false,15.0,false,113
101.0,47.86,19350.14,420.655217,1.525964,1.590486,7.449567,0.0,9.8846,46.0,true,false,10.0,3.0,false,10.0,false,114
5.0,47.86,19350.14,420.655217,1.525964,1.590486,7.449567,0.0,9.8846,46.0,true,false,10.0,3.0,false,5.0,false,115
181.0,74.97,19307.52,371.298462,1.844151,2.377522,7.521559,0.0,6.9895,52.0,true,false,10.0,5.0,true,10.0,false,116
546.0,6.34,19232.27,686.866786,1.723105,2.110231,13.562266,0.0,7.101,28.0,false,true,5.0,4.0,true,15.0,true,117
474.0,5.65,19034.39,679.799643,2.705251,1.349194,4.8875,0.0,11.3648,28.0,false,true,15.0,5.0,true,10.0,true,118
77.0,92.88,18862.93,355.90434,2.824783,3.597812,8.20623,0.0,4.8028,53.0,true,false,20.0,4.0,true,5.0,false,119
162.0,7.15,18837.5,672.767857,1.926075,2.953822,16.494859,0.0,5.0931,28.0,false,true,5.0,4.0,true,10.0,false,120
150.0,7.65,18747.46,669.552143,2.433801,4.040871,12.738864,0.0,3.7856,28.0,false,true,10.0,3.0,true,10.0,false,121
441.0,85.62,18520.73,356.167885,2.061615,2.59678,8.466544,0.0,6.0093,52.0,true,false,15.0,3.0,true,10.0,true,122
213.0,44.28,18417.92,383.706667,1.444399,1.16129,4.560795,0.0,13.1953,48.0,true,false,10.0,4.0,false,15.0,false,123
117.0,44.28,18417.92,383.706667,1.444399,1.16129,4.560795,0.0,13.1953,48.0,true,false,10.0,4.0,false,10.0,false,124
21.0,44.28,18417.92,383.706667,1.444399,1.16129,4.560795,0.0,13.1953,48.0,true,false,10.0,4.0,false,5.0,false,125
245.0,53.92,18416.37,400.35587,1.603271,1.889992,9.0492,0.0,7.9875,46.0,true,false,10.0,3.0,true,15.0,false,126
277.0,55.73,18355.65,367.113,1.524062,1.660381,4.669196,0.0,9.1825,50.0,true,false,10.0,5.0,true,15.0,false,127
182.0,5.77,17931.7,640.417857,2.27571,1.461152,7.099044,0.0,9.4856,28.0,false,true,10.0,5.0,true,10.0,false,128
456.0,53.05,17883.3,372.56875,1.781756,1.152369,5.488525,0.0,12.6858,48.0,false,false,15.0,4.0,true,10.0,true,129
549.0,47.62,17563.95,351.279,1.440443,1.235695,4.448754,0.0,12.1404,50.0,true,false,10.0,4.0,true,15.0,true,130
229.0,44.01,17510.15,357.35,1.384638,1.1662,3.365189,0.0,12.4635,49.0,true,false,10.0,5.0,false,15.0,false,131
133.0,44.01,17510.15,357.35,1.384638,1.1662,3.365189,0.0,12.4635,49.0,true,false,10.0,5.0,false,10.0,false,132
37.0,44.01,17510.15,357.35,1.384638,1.1662,3.365189,0.0,12.4635,49.0,true,false,10.0,5.0,false,5.0,false,133
498.0,5.46,17430.63,622.5225,1.613789,1.596875,12.286996,0.0,8.5047,28.0,false,true,5.0,4.0,false,15.0,true,134
402.0,5.46,17430.63,622.5225,1.613789,1.596875,12.286996,0.0,8.5047,28.0,false,true,5.0,4.0,false,10.0,true,135
306.0,5.46,17430.63,622.5225,1.613789,1.596875,12.286996,0.0,8.5047,28.0,false,true,5.0,4.0,false,5.0,true,136
89.0,92.55,17301.77,320.403148,2.244351,2.579409,6.3742,0.0,5.9929,54.0,true,false,15.0,5.0,true,5.0,false,137
149.0,77.09,17191.99,350.856939,1.804714,2.419693,10.087665,0.0,6.0612,49.0,true,false,10.0,3.0,true,10.0,false,138
506.0,4.73,17084.25,610.151786,1.578219,0.967487,3.27344,0.0,13.8013,28.0,false,true,15.0,4.0,false,15.0,true,139
410.0,4.73,17084.25,610.151786,1.578219,0.967487,3.27344,0.0,13.8013,28.0,false,true,15.0,4.0,false,10.0,true,140
314.0,4.73,17084.25,610.151786,1.578219,0.967487,3.27344,0.0,13.8013,28.0,false,true,15.0,4.0,false,5.0,true,141
511.0,5.79,17002.33,586.287241,1.610717,1.0172,3.006208,0.0,13.8088,29.0,true,true,20.0,4.0,false,15.0,true,142
415.0,5.79,17002.33,586.287241,1.610717,1.0172,3.006208,0.0,13.8088,29.0,true,true,20.0,4.0,false,10.0,true,143
319.0,5.79,17002.33,586.287241,1.610717,1.0172,3.006208,0.0,13.8088,29.0,true,true,20.0,4.0,false,5.0,true,144
490.0,6.33,16660.04,595.001429,1.721462,2.088078,4.331254,0.0,6.5004,28.0,false,true,15.0,3.0,false,15.0,true,145
394.0,6.33,16660.04,595.001429,1.721462,2.088078,4.331254,0.0,6.5004,28.0,false,true,15.0,3.0,false,10.0,true,146
298.0,6.33,16660.04,595.001429,1.721462,2.088078,4.331254,0.0,6.5004,28.0,false,true,15.0,3.0,false,5.0,true,147
225.0,43.37,16647.68,346.826667,1.356551,1.297115,5.658268,0.0,10.7858,48.0,true,false,5.0,5.0,false,15.0,false,148
129.0,43.37,16647.68,346.826667,1.356551,1.297115,5.658268,0.0,10.7858,48.0,true,false,5.0,5.0,false,10.0,false,149
33.0,43.37,16647.68,346.826667,1.356551,1.297115,5.658268,0.0,10.7858,48.0,true,false,5.0,5.0,false,5.0,false,150
266.0,6.11,16518.93,589.961786,2.269254,1.712477,7.02715,0.0,7.8853,28.0,false,true,15.0,4.0,true,15.0,false,151
517.0,23.98,16503.24,343.8175,1.256233,0.57181,2.061884,0.0,22.4058,48.0,true,false,10.0,5.0,false,15.0,true,152
421.0,23.98,16503.24,343.8175,1.256233,0.57181,2.061884,0.0,22.4058,48.0,true,false,10.0,5.0,false,10.0,true,153
325.0,23.98,16503.24,343.8175,1.256233,0.57181,2.061884,0.0,22.4058,48.0,true,false,10.0,5.0,false,5.0,true,154
561.0,38.35,16379.62,363.991556,1.343109,1.351587,5.922752,0.0,9.9494,45.0,true,false,5.0,5.0,true,15.0,true,155
504.0,16.3,16327.77,354.951522,1.270707,0.478756,1.726885,0.0,26.9155,46.0,false,false,15.0,4.0,false,15.0,true,156
408.0,16.3,16327.77,354.951522,1.270707,0.478756,1.726885,0.0,26.9155,46.0,false,false,15.0,4.0,false,10.0,true,157
312.0,16.3,16327.77,354.951522,1.270707,0.478756,1.726885,0.0,26.9155,46.0,false,false,15.0,4.0,false,5.0,true,158
239.0,6.0,16238.24,559.93931,1.65049,1.169648,2.493392,0.0,11.3971,29.0,true,true,20.0,5.0,false,15.0,false,159
143.0,6.0,16238.24,559.93931,1.65049,1.169648,2.493392,0.0,11.3971,29.0,true,true,20.0,5.0,false,10.0,false,160
47.0,6.0,16238.24,559.93931,1.65049,1.169648,2.493392,0.0,11.3971,29.0,true,true,20.0,5.0,false,5.0,false,161
234.0,5.02,16184.2,578.007143,1.61865,1.225278,2.71432,0.0,10.4126,28.0,false,true,15.0,5.0,false,15.0,false,162
138.0,5.02,16184.2,578.007143,1.61865,1.225278,2.71432,0.0,10.4126,28.0,false,true,15.0,5.0,false,10.0,false,163
42.0,5.02,16184.2,578.007143,1.61865,1.225278,2.71432,0.0,10.4126,28.0,false,true,15.0,5.0,false,5.0,false,164
534.0,6.86,16141.36,576.477143,1.844672,2.907793,8.362139,0.0,4.5616,28.0,false,true,10.0,3.0,true,15.0,true,165
186.0,5.59,15954.92,569.818571,2.594625,1.261873,4.692212,0.0,10.3187,28.0,false,true,15.0,5.0,true,10.0,false,166
434.0,6.93,15853.43,566.193929,1.752194,2.555369,18.244965,0.0,5.3575,28.0,false,true,5.0,3.0,true,10.0,true,167
570.0,5.33,15831.58,565.413571,2.033347,0.984487,3.728919,0.0,13.0238,28.0,false,true,15.0,5.0,true,15.0,true,168
446.0,7.12,15763.03,562.965357,2.937633,2.562782,8.852112,0.0,5.2426,28.0,false,true,20.0,3.0,true,10.0,true,169
542.0,6.57,15756.46,562.730714,2.474482,2.033288,7.278583,0.0,6.655,28.0,false,true,20.0,3.0,true,15.0,true,170
153.0,84.13,15651.14,300.983462,1.963461,2.340452,7.939222,0.0,5.6979,52.0,true,false,15.0,3.0,true,10.0,false,171
82.0,7.97,15648.37,558.870357,1.974304,2.315577,18.367794,0.0,5.7103,28.0,false,true,5.0,5.0,true,5.0,false,172
507.0,5.14,15558.3,536.493103,1.482781,0.796468,3.2264,0.0,15.146,29.0,true,true,15.0,4.0,false,15.0,true,173
411.0,5.14,15558.3,536.493103,1.482781,0.796468,3.2264,0.0,15.146,29.0,true,true,15.0,4.0,false,10.0,true,174
315.0,5.14,15558.3,536.493103,1.482781,0.796468,3.2264,0.0,15.146,29.0,true,true,15.0,4.0,false,5.0,true,175
453.0,63.07,15379.48,295.759231,1.623844,1.683598,5.678052,0.0,8.2259,52.0,true,false,10.0,4.0,true,10.0,true,176
235.0,5.62,15266.84,526.442759,1.560212,0.94457,2.911481,0.0,12.4791,29.0,true,true,15.0,5.0,false,15.0,false,177
139.0,5.62,15266.84,526.442759,1.560212,0.94457,2.911481,0.0,12.4791,29.0,true,true,15.0,5.0,false,10.0,false,178
43.0,5.62,15266.84,526.442759,1.560212,0.94457,2.911481,0.0,12.4791,29.0,true,true,15.0,5.0,false,5.0,false,179
436.0,43.97,15249.2,338.871111,1.5247,1.413413,7.19851,0.0,8.6494,45.0,false,false,10.0,3.0,true,10.0,true,180
488.0,32.82,15022.41,341.418409,1.346698,0.882256,2.743166,0.0,13.6706,44.0,false,false,15.0,3.0,false,15.0,true,181
392.0,32.82,15022.41,341.418409,1.346698,0.882256,2.743166,0.0,13.6706,44.0,false,false,15.0,3.0,false,10.0,true,182
296.0,32.82,15022.41,341.418409,1.346698,0.882256,2.743166,0.0,13.6706,44.0,false,false,15.0,3.0,false,5.0,true,183
258.0,5.99,15007.12,535.968571,1.637091,1.944774,12.207956,0.0,6.2878,28.0,false,true,5.0,4.0,true,15.0,false,184
497.0,37.58,14902.27,323.962391,1.293723,1.115733,6.577281,0.0,11.4972,46.0,true,false,5.0,4.0,false,15.0,true,185
401.0,37.58,14902.27,323.962391,1.293723,1.115733,6.577281,0.0,11.4972,46.0,true,false,5.0,4.0,false,10.0,true,186
305.0,37.58,14902.27,323.962391,1.293723,1.115733,6.577281,0.0,11.4972,46.0,true,false,5.0,4.0,false,5.0,true,187
529.0,40.83,14880.42,330.676,1.355122,1.575371,11.224479,0.0,8.8166,45.0,true,false,5.0,3.0,true,15.0,true,188
481.0,40.83,14880.42,330.676,1.355122,1.575371,11.224479,0.0,8.8166,45.0,true,false,5.0,3.0,false,15.0,true,189
385.0,40.83,14880.42,330.676,1.355122,1.575371,11.224479,0.0,8.8166,45.0,true,false,5.0,3.0,false,10.0,true,190
289.0,40.83,14880.42,330.676,1.355122,1.575371,11.224479,0.0,8.8166,45.0,true,false,5.0,3.0,false,5.0,true,191
574.0,5.57,14696.41,524.871786,2.215974,1.260962,4.108357,0.0,10.0459,28.0,false,true,20.0,5.0,true,15.0,true,192
342.0,8.31,14669.59,523.913929,2.578548,3.608844,16.66989,0.0,3.7979,28.0,false,true,10.0,3.0,true,5.0,true,193
442.0,6.28,14426.11,515.218214,2.48329,1.662054,6.994626,0.0,7.3605,28.0,false,true,15.0,3.0,true,10.0,true,194
502.0,4.42,14402.48,514.374286,1.479672,0.854486,3.702693,0.0,12.8413,28.0,false,true,10.0,4.0,false,15.0,true,195
406.0,4.42,14402.48,514.374286,1.479672,0.854486,3.702693,0.0,12.8413,28.0,false,true,10.0,4.0,false,10.0,true,196
310.0,4.42,14402.48,514.374286,1.479672,0.854486,3.702693,0.0,12.8413,28.0,false,true,10.0,4.0,false,5.0,true,197
478.0,5.76,14336.33,512.011786,2.519358,1.437644,4.536751,0.0,8.5474,28.0,false,true,20.0,5.0,true,10.0,true,198
368.0,41.68,14332.27,298.588958,1.332429,0.811847,9.03366,0.0,13.8039,48.0,false,false,5.0,5.0,true,5.0,true,199
168.0,53.32,14327.44,298.488333,1.750323,1.176397,5.435271,0.0,10.202,48.0,false,false,15.0,4.0,true,10.0,false,200
223.0,6.07,14254.24,491.525517,1.619164,1.218524,3.03959,0.0,9.8372,29.0,true,true,20.0,4.0,false,15.0,false,201
127.0,6.07,14254.24,491.525517,1.619164,1.218524,3.03959,0.0,9.8372,29.0,true,true,20.0,4.0,false,10.0,false,202
31.0,6.07,14254.24,491.525517,1.619164,1.218524,3.03959,0.0,9.8372,29.0,true,true,20.0,4.0,false,5.0,false,203
361.0,88.41,14228.85,263.497222,1.994511,2.06275,6.636845,0.0,6.2513,54.0,true,false,15.0,4.0,true,5.0,true,204
566.0,4.9,14228.53,508.161786,1.638138,0.833699,4.350081,0.0,12.9987,28.0,false,true,10.0,5.0,true,15.0,true,205
433.0,45.68,14209.96,296.040833,1.375522,1.371098,11.968989,0.0,9.4752,48.0,true,false,5.0,3.0,true,10.0,true,206
218.0,4.95,14117.79,504.206786,1.58622,1.153258,3.461664,0.0,9.7984,28.0,false,true,15.0,4.0,false,15.0,false,207
122.0,4.95,14117.79,504.206786,1.58622,1.153258,3.461664,0.0,9.7984,28.0,false,true,15.0,4.0,false,10.0,false,208
26.0,4.95,14117.79,504.206786,1.58622,1.153258,3.461664,0.0,9.7984,28.0,false,true,15.0,4.0,false,5.0,false,209
158.0,7.07,14020.73,500.740357,2.799782,2.423564,8.488107,0.0,4.9842,28.0,false,true,20.0,3.0,true,10.0,false,210
515.0,5.16,13980.27,482.078276,1.417803,0.995404,4.702009,0.0,11.8889,29.0,true,true,5.0,5.0,false,15.0,true,211
419.0,5.16,13980.27,482.078276,1.417803,0.995404,4.702009,0.0,11.8889,29.0,true,true,5.0,5.0,false,10.0,true,212
323.0,5.16,13980.27,482.078276,1.417803,0.995404,4.702009,0.0,11.8889,29.0,true,true,5.0,5.0,false,5.0,true,213
210.0,5.27,13856.01,494.8575,1.560817,1.562517,11.27551,0.0,7.2258,28.0,false,true,5.0,4.0,false,15.0,false,214
114.0,5.27,13856.01,494.8575,1.560817,1.562517,11.27551,0.0,7.2258,28.0,false,true,5.0,4.0,false,10.0,false,215
18.0,5.27,13856.01,494.8575,1.560817,1.562517,11.27551,0.0,7.2258,28.0,false,true,5.0,4.0,false,5.0,false,216
374.0,7.58,13823.44,493.694286,2.420944,1.842023,7.406917,0.0,6.2303,28.0,false,true,10.0,5.0,true,5.0,true,217
519.0,4.11,13812.77,476.302414,1.384759,0.552477,3.12806,0.0,19.3277,29.0,true,true,10.0,5.0,false,15.0,true,218
423.0,4.11,13812.77,476.302414,1.384759,0.552477,3.12806,0.0,19.3277,29.0,true,true,10.0,5.0,false,10.0,true,219
327.0,4.11,13812.77,476.302414,1.384759,0.552477,3.12806,0.0,19.3277,29.0,true,true,10.0,5.0,false,5.0,true,220
214.0,4.82,13667.81,488.136071,1.555259,1.085075,4.318416,0.0,9.9761,28.0,false,true,10.0,4.0,false,15.0,false,221
118.0,4.82,13667.81,488.136071,1.555259,1.085075,4.318416,0.0,9.9761,28.0,false,true,10.0,4.0,false,10.0,false,222
22.0,4.82,13667.81,488.136071,1.555259,1.085075,4.318416,0.0,9.9761,28.0,false,true,10.0,4.0,false,5.0,false,223
232.0,31.3,13653.67,296.818913,1.316376,0.747643,1.860902,0.0,14.852,46.0,false,false,15.0,5.0,false,15.0,false,224
136.0,31.3,13653.67,296.818913,1.316376,0.747643,1.860902,0.0,14.852,46.0,false,false,15.0,5.0,false,10.0,false,225
40.0,31.3,13653.67,296.818913,1.316376,0.747643,1.860902,0.0,14.852,46.0,false,false,15.0,5.0,false,5.0,false,226
254.0,6.48,13639.18,487.113571,2.366004,1.955502,7.001043,0.0,6.071,28.0,false,true,20.0,3.0,true,15.0,false,227
202.0,5.95,13616.32,486.297143,1.650101,1.881744,4.132684,0.0,6.0039,28.0,false,true,15.0,3.0,false,15.0,false,228
106.0,5.95,13616.32,486.297143,1.650101,1.881744,4.132684,0.0,6.0039,28.0,false,true,15.0,3.0,false,10.0,false,229
10.0,5.95,13616.32,486.297143,1.650101,1.881744,4.132684,0.0,6.0039,28.0,false,true,15.0,3.0,false,5.0,false,230
246.0,6.77,13615.92,486.282857,1.771714,2.745893,7.998061,0.0,4.1819,28.0,false,true,10.0,3.0,true,15.0,false,231
148.0,45.37,13549.65,301.103333,1.532761,1.527776,7.621354,0.0,7.2921,45.0,false,false,10.0,3.0,true,10.0,false,232
272.0,36.18,13523.41,293.987174,1.283558,0.834769,7.975124,0.0,12.4882,46.0,false,false,5.0,5.0,true,15.0,false,233
341.0,77.25,13351.12,261.786667,1.700197,1.717402,9.670478,0.0,6.7792,51.0,true,false,10.0,3.0,true,5.0,true,234
349.0,91.22,13211.45,249.272642,2.273074,2.473911,7.989968,0.0,4.9704,53.0,true,false,20.0,3.0,true,5.0,true,235
575.0,5.84,12988.53,447.880345,1.652846,0.77092,3.499458,0.0,13.9583,29.0,true,true,20.0,5.0,true,15.0,true,236
219.0,5.54,12957.97,446.826552,1.51336,0.976712,3.455787,0.0,10.5779,29.0,true,true,15.0,4.0,false,15.0,false,237
123.0,5.54,12957.97,446.826552,1.51336,0.976712,3.455787,0.0,10.5779,29.0,true,true,15.0,4.0,false,10.0,false,238
27.0,5.54,12957.97,446.826552,1.51336,0.976712,3.455787,0.0,10.5779,29.0,true,true,15.0,4.0,false,5.0,false,239
530.0,5.71,12842.6,458.664286,1.522085,2.001867,12.908113,0.0,5.5173,28.0,false,true,5.0,3.0,true,15.0,true,240
482.0,5.71,12842.6,458.664286,1.522085,2.001867,12.908113,0.0,5.5173,28.0,false,true,5.0,3.0,false,15.0,true,241
386.0,5.71,12842.6,458.664286,1.522085,2.001867,12.908113,0.0,5.5173,28.0,false,true,5.0,3.0,false,10.0,true,242
290.0,5.71,12842.6,458.664286,1.522085,2.001867,12.908113,0.0,5.5173,28.0,false,true,5.0,3.0,false,5.0,true,243
278.0,5.08,12841.22,458.615,1.685801,0.918886,4.700214,0.0,11.0197,28.0,false,true,10.0,5.0,true,15.0,false,244
54.0,8.31,12796.95,457.033929,2.465738,3.548567,15.817783,0.0,3.3861,28.0,false,true,10.0,3.0,true,5.0,false,245
354.0,7.1,12786.36,456.655714,1.733767,1.685563,15.394131,0.0,6.58,28.0,false,true,5.0,4.0,true,5.0,true,246
454.0,5.31,12742.57,455.091786,1.838268,0.962975,5.289862,0.0,10.6015,28.0,false,true,10.0,4.0,true,10.0,true,247
203.0,5.74,12682.27,437.319655,1.564292,0.936665,4.502853,0.0,10.727,29.0,true,true,15.0,3.0,false,15.0,false,248
107.0,5.74,12682.27,437.319655,1.564292,0.936665,4.502853,0.0,10.727,29.0,true,true,15.0,3.0,false,10.0,false,249
11.0,5.74,12682.27,437.319655,1.564292,0.936665,4.502853,0.0,10.727,29.0,true,true,15.0,3.0,false,5.0,false,250
491.0,4.98,12675.11,437.072759,1.439704,0.660112,3.429261,0.0,14.9719,29.0,true,true,15.0,3.0,false,15.0,true,251
395.0,4.98,12675.11,437.072759,1.439704,0.660112,3.429261,0.0,14.9719,29.0,true,true,15.0,3.0,false,10.0,true,252
299.0,4.98,12675.11,437.072759,1.439704,0.660112,3.429261,0.0,14.9719,29.0,true,true,15.0,3.0,false,5.0,true,253
261.0,45.65,12629.1,252.582,1.384008,1.141972,4.120325,0.0,9.7436,50.0,true,false,10.0,4.0,true,15.0,false,254
154.0,6.2,12594.14,449.790714,2.382891,1.593485,6.687959,0.0,6.7743,28.0,false,true,15.0,3.0,true,10.0,false,255
369.0,46.92,12592.15,256.982653,1.362673,1.122275,6.543265,0.0,9.7352,49.0,true,false,5.0,5.0,true,5.0,true,256
146.0,6.57,12439.94,444.283571,1.643334,2.26424,16.040856,0.0,4.814,28.0,false,true,5.0,3.0,true,10.0,false,257
224.0,35.22,12375.47,269.031957,1.253389,0.71336,7.307008,0.0,13.3731,46.0,false,false,5.0,5.0,false,15.0,false,258
128.0,35.22,12375.47,269.031957,1.253389,0.71336,7.307008,0.0,13.3731,46.0,false,false,5.0,5.0,false,10.0,false,259
32.0,35.22,12375.47,269.031957,1.253389,0.71336,7.307008,0.0,13.3731,46.0,false,false,5.0,5.0,false,5.0,false,260
472.0,32.78,12360.1,252.246939,1.438586,0.492413,2.236469,0.0,20.6551,49.0,false,false,15.0,5.0,true,10.0,true,261
200.0,34.31,12281.99,279.136136,1.345483,1.046294,2.975874,0.0,9.6919,44.0,false,false,15.0,3.0,false,15.0,false,262
104.0,34.31,12281.99,279.136136,1.345483,1.046294,2.975874,0.0,9.6919,44.0,false,false,15.0,3.0,false,10.0,false,263
8.0,34.31,12281.99,279.136136,1.345483,1.046294,2.975874,0.0,9.6919,44.0,false,false,15.0,3.0,false,5.0,false,264
501.0,20.93,12256.51,266.44587,1.220884,0.403852,2.302614,0.0,24.2089,46.0,true,false,10.0,4.0,false,15.0,true,265
405.0,20.93,12256.51,266.44587,1.220884,0.403852,2.302614,0.0,24.2089,46.0,true,false,10.0,4.0,false,10.0,true,266
309.0,20.93,12256.51,266.44587,1.220884,0.403852,2.302614,0.0,24.2089,46.0,true,false,10.0,4.0,false,5.0,true,267
282.0,5.3,12222.58,436.520714,1.910621,0.885102,3.387496,0.0,11.383,28.0,false,true,15.0,5.0,true,15.0,false,268
362.0,8.04,11901.66,425.059286,3.126337,2.252366,8.317772,0.0,4.5314,28.0,false,true,15.0,4.0,true,5.0,true,269
448.0,35.5,11892.92,258.541739,1.243388,0.752594,7.048029,0.0,12.3752,46.0,false,false,5.0,4.0,true,10.0,true,270
190.0,5.61,11734.7,419.096429,2.356555,1.278893,4.257276,0.0,7.962,28.0,false,true,20.0,5.0,true,10.0,false,271
166.0,5.35,11533.08,411.895714,1.853786,0.993546,5.360192,0.0,9.4868,28.0,false,true,10.0,4.0,true,10.0,false,272
61.0,89.48,11508.44,217.140377,2.140818,2.224464,7.4111,0.0,4.831,53.0,true,false,20.0,3.0,true,5.0,false,273
345.0,90.32,11362.73,210.420926,1.867846,2.296814,7.244797,0.0,4.3721,54.0,true,false,15.0,3.0,true,5.0,true,274
508.0,10.81,11362.38,241.752766,1.197666,0.388651,1.097683,0.0,24.877,47.0,false,false,20.0,4.0,false,15.0,true,275
412.0,10.81,11362.38,241.752766,1.197666,0.388651,1.097683,0.0,24.877,47.0,false,false,20.0,4.0,false,10.0,true,276
316.0,10.81,11362.38,241.752766,1.197666,0.388651,1.097683,0.0,24.877,47.0,false,false,20.0,4.0,false,5.0,true,277
286.0,5.47,11353.43,405.479643,2.052383,1.104446,3.723805,0.0,9.0124,28.0,false,true,20.0,5.0,true,15.0,false,278
73.0,82.64,11328.96,209.795556,1.837991,1.710899,5.753692,0.0,6.0291,54.0,true,false,15.0,4.0,true,5.0,false,279
526.0,3.24,11292.75,403.3125,1.361094,0.630352,1.653488,0.0,15.2403,28.0,false,true,20.0,5.0,false,15.0,true,280
430.0,3.24,11292.75,403.3125,1.361094,0.630352,1.653488,0.0,15.2403,28.0,false,true,20.0,5.0,false,10.0,true,281
334.0,3.24,11292.75,403.3125,1.361094,0.630352,1.653488,0.0,15.2403,28.0,false,true,20.0,5.0,false,5.0,true,282
373.0,65.15,11214.62,207.678148,1.520728,0.990226,4.774554,0.0,10.0652,54.0,true,false,10.0,5.0,true,5.0,true,283
86.0,7.18,11045.54,394.483571,2.218072,1.535935,6.522513,0.0,6.1225,28.0,false,true,10.0,5.0,true,5.0,false,284
538.0,5.35,10986.59,392.378214,1.806239,1.050394,4.582116,0.0,8.9348,28.0,false,true,15.0,3.0,true,15.0,true,285
487.0,5.2,10917.38,376.461379,1.418,0.972555,5.047658,0.0,9.4352,29.0,true,true,10.0,3.0,false,15.0,true,286
391.0,5.2,10917.38,376.461379,1.418,0.972555,5.047658,0.0,9.4352,29.0,true,true,10.0,3.0,false,10.0,true,287
295.0,5.2,10917.38,376.461379,1.418,0.972555,5.047658,0.0,9.4352,29.0,true,true,10.0,3.0,false,5.0,true,288
495.0,4.91,10902.44,375.946207,1.42147,0.647876,2.844518,0.0,14.1745,29.0,true,true,20.0,3.0,false,15.0,true,289
399.0,4.91,10902.44,375.946207,1.42147,0.647876,2.844518,0.0,14.1745,29.0,true,true,20.0,3.0,false,10.0,true,290
303.0,4.91,10902.44,375.946207,1.42147,0.647876,2.844518,0.0,14.1745,29.0,true,true,20.0,3.0,false,5.0,true,291
440.0,44.25,10771.06,224.397083,1.482492,0.718334,3.739145,0.0,12.685,48.0,false,false,15.0,3.0,true,10.0,true,292
53.0,73.14,10741.66,210.620784,1.6162,1.569773,8.767489,0.0,6.0599,51.0,true,false,10.0,3.0,true,5.0,false,293
74.0,7.89,10740.26,383.580714,2.980009,2.088326,7.961458,0.0,4.458,28.0,false,true,15.0,4.0,true,5.0,false,294
552.0,37.55,10737.98,223.707917,1.342915,0.616486,2.367709,0.0,14.5407,48.0,false,false,15.0,4.0,true,15.0,true,295
165.0,54.62,10730.51,206.355962,1.487569,1.384518,4.668789,0.0,6.9911,52.0,true,false,10.0,4.0,true,10.0,false,296
476.0,45.63,10727.79,214.5558,1.516634,0.660582,2.400502,0.0,14.2293,50.0,false,false,20.0,5.0,true,10.0,true,297
360.0,72.5,10633.23,212.6646,1.832581,1.350173,5.342751,0.0,6.832,50.0,false,false,15.0,4.0,true,5.0,true,298
486.0,4.44,10464.39,373.728214,1.412316,1.187403,4.659593,0.0,7.3885,28.0,false,true,10.0,3.0,false,15.0,true,299
390.0,4.44,10464.39,373.728214,1.412316,1.187403,4.659593,0.0,7.3885,28.0,false,true,10.0,3.0,false,10.0,true,300
294.0,4.44,10464.39,373.728214,1.412316,1.187403,4.659593,0.0,7.3885,28.0,false,true,10.0,3.0,false,5.0,true,301
177.0,43.07,10360.99,207.2198,1.295959,1.028698,5.107009,0.0,8.9408,50.0,true,false,5.0,5.0,true,10.0,false,302
449.0,39.51,10326.09,215.126875,1.276805,0.849068,5.847459,0.0,11.1231,48.0,true,false,5.0,4.0,true,10.0,true,303
145.0,44.66,10268.32,209.557551,1.313506,1.170227,10.057568,0.0,8.1297,49.0,true,false,5.0,3.0,true,10.0,false,304
444.0,47.33,10130.73,211.056875,1.553295,0.832515,4.161967,0.0,10.5635,48.0,false,false,20.0,3.0,true,10.0,true,305
184.0,43.5,9955.65,203.176531,1.486747,0.577789,2.523511,0.0,14.5478,49.0,false,false,15.0,5.0,true,10.0,false,306
494.0,3.9,9865.01,352.321786,1.380234,0.637265,2.311581,0.0,13.1529,28.0,false,true,20.0,3.0,false,15.0,true,307
398.0,3.9,9865.01,352.321786,1.380234,0.637265,2.311581,0.0,13.1529,28.0,false,true,20.0,3.0,false,10.0,true,308
302.0,3.9,9865.01,352.321786,1.380234,0.637265,2.311581,0.0,13.1529,28.0,false,true,20.0,3.0,false,5.0,true,309
545.0,35.91,9850.05,214.131522,1.219992,0.876821,5.017885,0.0,9.9484,46.0,true,false,5.0,4.0,true,15.0,true,310
352.0,43.4,9684.65,201.763542,1.250357,0.898438,7.501985,0.0,9.5436,48.0,false,false,5.0,4.0,true,5.0,true,311
340.0,59.37,9670.48,205.754894,1.515004,1.300292,7.743807,0.0,6.4067,47.0,false,false,10.0,3.0,true,5.0,true,312
558.0,5.22,9669.22,345.329286,1.818562,0.856089,2.890438,0.0,10.049,28.0,false,true,20.0,4.0,true,15.0,true,313
207.0,5.22,9591.14,330.728966,1.449659,0.81303,3.066259,0.0,10.1119,29.0,true,true,20.0,3.0,false,15.0,false,314
111.0,5.22,9591.14,330.728966,1.449659,0.81303,3.066259,0.0,10.1119,29.0,true,true,20.0,3.0,false,10.0,false,315
15.0,5.22,9591.14,330.728966,1.449659,0.81303,3.066259,0.0,10.1119,29.0,true,true,20.0,3.0,false,5.0,false,316
462.0,5.41,9554.65,341.2375,2.036102,0.988249,3.240003,0.0,8.5459,28.0,false,true,20.0,4.0,true,10.0,true,317
563.0,4.79,9513.32,328.045517,1.308157,0.789859,4.521908,0.0,10.1955,29.0,true,true,5.0,5.0,true,15.0,true,318
287.0,5.7,9443.18,325.626897,1.578349,0.758661,3.136775,0.0,10.5288,29.0,true,true,20.0,5.0,true,15.0,false,319
230.0,3.75,9379.14,334.969286,1.340218,0.536258,2.285472,0.0,13.7858,28.0,false,true,10.0,5.0,false,15.0,false,320
134.0,3.75,9379.14,334.969286,1.340218,0.536258,2.285472,0.0,13.7858,28.0,false,true,10.0,5.0,false,10.0,false,321
38.0,3.75,9379.14,334.969286,1.340218,0.536258,2.285472,0.0,13.7858,28.0,false,true,10.0,5.0,false,5.0,false,322
503.0,3.68,9375.7,323.3,1.275514,0.381031,2.42667,0.0,19.328,29.0,true,true,10.0,4.0,false,15.0,true,323
407.0,3.68,9375.7,323.3,1.275514,0.381031,2.42667,0.0,19.328,29.0,true,true,10.0,4.0,false,10.0,true,324
311.0,3.68,9375.7,323.3,1.275514,0.381031,2.42667,0.0,19.328,29.0,true,true,10.0,4.0,false,5.0,true,325
66.0,6.51,9298.94,332.105,1.597397,1.442732,13.085647,0.0,5.71,28.0,false,true,5.0,4.0,true,5.0,false,326
231.0,4.7,9273.48,319.775172,1.343763,0.544264,3.143104,0.0,13.6886,29.0,true,true,10.0,5.0,false,15.0,false,327
135.0,4.7,9273.48,319.775172,1.343763,0.544264,3.143104,0.0,13.6886,29.0,true,true,10.0,5.0,false,10.0,false,328
39.0,4.7,9273.48,319.775172,1.343763,0.544264,3.143104,0.0,13.6886,29.0,true,true,10.0,5.0,false,5.0,false,329
57.0,84.92,9255.97,171.406852,1.747732,1.925014,6.424114,0.0,4.2942,54.0,true,false,15.0,3.0,true,5.0,false,330
535.0,5.09,9253.39,319.082414,1.392213,0.914232,5.401231,0.0,8.5072,29.0,true,true,10.0,3.0,true,15.0,true,331
358.0,6.88,9149.87,326.781071,1.960946,1.270909,5.977252,0.0,6.2329,28.0,false,true,10.0,4.0,true,5.0,true,332
510.0,3.1,9090.18,324.649286,1.316369,0.57817,1.536977,0.0,13.646,28.0,false,true,20.0,4.0,false,15.0,true,333
414.0,3.1,9090.18,324.649286,1.316369,0.57817,1.536977,0.0,13.646,28.0,false,true,20.0,4.0,false,10.0,true,334
318.0,3.1,9090.18,324.649286,1.316369,0.57817,1.536977,0.0,13.646,28.0,false,true,20.0,4.0,false,5.0,true,335
152.0,44.89,9064.63,188.846458,1.482906,0.765072,3.885862,0.0,10.2033,48.0,false,false,15.0,3.0,true,10.0,false,336
80.0,41.0,9025.74,188.03625,1.266586,0.665984,7.839963,0.0,11.0562,48.0,false,false,5.0,5.0,true,5.0,false,337
273.0,38.61,9009.86,187.705417,1.215397,0.79774,4.175333,0.0,9.8716,48.0,true,false,5.0,5.0,true,15.0,false,338
236.0,22.49,8972.68,186.930833,1.205042,0.417065,1.300727,0.0,18.099,48.0,false,false,20.0,5.0,false,15.0,false,339
140.0,22.49,8972.68,186.930833,1.205042,0.417065,1.300727,0.0,18.099,48.0,false,false,20.0,5.0,false,10.0,false,340
44.0,22.49,8972.68,186.930833,1.205042,0.417065,1.300727,0.0,18.099,48.0,false,false,20.0,5.0,false,5.0,false,341
250.0,5.21,8965.04,320.18,1.718083,0.984602,4.249817,0.0,7.8829,28.0,false,true,15.0,3.0,true,15.0,false,342
198.0,4.45,8950.2,319.65,1.40357,1.227506,4.737249,0.0,6.2726,28.0,false,true,10.0,3.0,false,15.0,false,343
102.0,4.45,8950.2,319.65,1.40357,1.227506,4.737249,0.0,6.2726,28.0,false,true,10.0,3.0,false,10.0,false,344
6.0,4.45,8950.2,319.65,1.40357,1.227506,4.737249,0.0,6.2726,28.0,false,true,10.0,3.0,false,5.0,false,345
242.0,4.71,8813.59,314.771071,1.393267,1.535059,10.165501,0.0,5.0932,28.0,false,true,5.0,3.0,true,15.0,false,346
194.0,4.71,8813.59,314.771071,1.393267,1.535059,10.165501,0.0,5.0932,28.0,false,true,5.0,3.0,false,15.0,false,347
98.0,4.71,8813.59,314.771071,1.393267,1.535059,10.165501,0.0,5.0932,28.0,false,true,5.0,3.0,false,10.0,false,348
2.0,4.71,8813.59,314.771071,1.393267,1.535059,10.165501,0.0,5.0932,28.0,false,true,5.0,3.0,false,5.0,false,349
350.0,7.86,8800.01,314.286071,3.131217,2.059836,8.100463,0.0,4.2046,28.0,false,true,20.0,3.0,true,5.0,true,350
479.0,6.61,8799.75,303.439655,1.972234,1.114694,4.409715,0.0,7.2195,29.0,true,true,20.0,5.0,true,10.0,true,351
216.0,28.11,8713.04,189.413913,1.215449,0.508449,1.666763,0.0,14.2761,46.0,false,false,15.0,4.0,false,15.0,false,352
120.0,28.11,8713.04,189.413913,1.215449,0.508449,1.666763,0.0,14.2761,46.0,false,false,15.0,4.0,false,10.0,false,353
24.0,28.11,8713.04,189.413913,1.215449,0.508449,1.666763,0.0,14.2761,46.0,false,false,15.0,4.0,false,5.0,false,354
156.0,47.65,8664.91,180.518958,1.54842,0.920342,4.165216,0.0,8.3009,48.0,false,false,20.0,3.0,true,10.0,false,355
72.0,69.61,8455.36,169.1072,1.721975,1.161235,4.823915,0.0,6.3979,50.0,false,false,15.0,4.0,true,5.0,false,356
338.0,5.97,8417.59,300.628214,1.499619,1.172976,14.101484,0.0,6.5795,28.0,false,true,5.0,3.0,true,5.0,true,357
199.0,5.03,8317.4,286.806897,1.366394,0.939361,4.719331,0.0,7.5911,29.0,true,true,10.0,3.0,false,15.0,false,358
103.0,5.03,8317.4,286.806897,1.366394,0.939361,4.719331,0.0,7.5911,29.0,true,true,10.0,3.0,false,10.0,false,359
7.0,5.03,8317.4,286.806897,1.366394,0.939361,4.719331,0.0,7.5911,29.0,true,true,10.0,3.0,false,5.0,false,360
206.0,4.04,8134.9,290.532143,1.380383,0.749608,2.431161,0.0,9.3813,28.0,false,true,20.0,3.0,false,15.0,false,361
110.0,4.04,8134.9,290.532143,1.380383,0.749608,2.431161,0.0,9.3813,28.0,false,true,20.0,3.0,false,10.0,false,362
14.0,4.04,8134.9,290.532143,1.380383,0.749608,2.431161,0.0,9.3813,28.0,false,true,20.0,3.0,false,5.0,false,363
52.0,56.69,7977.12,169.725957,1.471466,1.10105,7.382682,0.0,6.3294,47.0,false,false,10.0,3.0,true,5.0,false,364
62.0,7.73,7944.53,283.733214,2.9796,1.938494,7.643112,0.0,4.0335,28.0,false,true,20.0,3.0,true,5.0,false,365
543.0,5.18,7931.4,273.496552,1.444066,0.665089,3.513003,0.0,10.3373,29.0,true,true,20.0,3.0,true,15.0,true,366
160.0,34.78,7922.42,172.226522,1.198736,0.530852,5.943909,0.0,12.1485,46.0,false,false,5.0,4.0,true,10.0,false,367
188.0,43.38,7801.17,156.0234,1.456054,0.621569,2.15437,0.0,11.2151,50.0,false,false,20.0,5.0,true,10.0,false,368
215.0,4.57,7697.59,265.434138,1.29993,0.454006,3.031028,0.0,13.6865,29.0,true,true,10.0,4.0,false,15.0,false,369
119.0,4.57,7697.59,265.434138,1.29993,0.454006,3.031028,0.0,13.6865,29.0,true,true,10.0,4.0,false,10.0,false,370
23.0,4.57,7697.59,265.434138,1.29993,0.454006,3.031028,0.0,13.6865,29.0,true,true,10.0,4.0,false,5.0,false,371
174.0,5.31,7652.96,273.32,1.903171,0.857996,2.96179,0.0,7.9604,28.0,false,true,20.0,4.0,true,10.0,false,372
283.0,4.62,7507.88,258.892414,1.412113,0.42619,2.167415,0.0,14.0992,29.0,true,true,15.0,5.0,true,15.0,false,373
227.0,4.7,7470.53,257.604483,1.269613,0.745906,3.320338,0.0,8.8427,29.0,true,true,5.0,5.0,false,15.0,false,374
131.0,4.7,7470.53,257.604483,1.269613,0.745906,3.320338,0.0,8.8427,29.0,true,true,5.0,5.0,false,10.0,false,375
35.0,4.7,7470.53,257.604483,1.269613,0.745906,3.320338,0.0,8.8427,29.0,true,true,5.0,5.0,false,5.0,false,376
531.0,4.94,7438.63,256.504483,1.280683,1.166884,8.21615,0.0,6.0008,29.0,true,true,5.0,3.0,true,15.0,true,377
483.0,4.94,7438.63,256.504483,1.280683,1.166884,8.21615,0.0,6.0008,29.0,true,true,5.0,3.0,false,15.0,true,378
387.0,4.94,7438.63,256.504483,1.280683,1.166884,8.21615,0.0,6.0008,29.0,true,true,5.0,3.0,false,10.0,true,379
291.0,4.94,7438.63,256.504483,1.280683,1.166884,8.21615,0.0,6.0008,29.0,true,true,5.0,3.0,false,5.0,true,380
346.0,7.12,7417.19,264.899643,2.352737,1.462247,5.909416,0.0,4.5315,28.0,false,true,15.0,3.0,true,5.0,true,381
247.0,4.95,7396.52,255.052414,1.359007,0.777555,5.211876,0.0,8.1554,29.0,true,true,10.0,3.0,true,15.0,false,382
270.0,4.97,7302.35,260.798214,1.690457,0.730496,2.542629,0.0,9.0128,28.0,false,true,20.0,4.0,true,15.0,false,383
267.0,5.01,7299.81,251.717586,1.413529,0.550829,3.055468,0.0,11.0094,29.0,true,true,15.0,4.0,true,15.0,false,384
550.0,3.86,7221.62,257.915,1.339456,0.450937,2.550871,0.0,12.9951,28.0,false,true,10.0,4.0,true,15.0,true,385
439.0,5.83,7133.26,245.974483,1.538154,0.897676,5.988244,0.0,7.1479,29.0,true,true,10.0,3.0,true,10.0,true,386
264.0,35.94,7093.9,147.789583,1.277663,0.548554,2.074607,0.0,11.1676,48.0,false,false,15.0,4.0,true,15.0,false,387
70.0,6.63,7071.35,252.548214,1.795013,1.019671,5.041024,0.0,6.1232,28.0,false,true,10.0,4.0,true,5.0,false,388
241.0,37.18,7027.35,149.518085,1.180377,0.841526,6.356033,0.0,7.6691,47.0,true,false,5.0,3.0,true,15.0,false,389
193.0,37.18,7027.35,149.518085,1.180377,0.841526,6.356033,0.0,7.6691,47.0,true,false,5.0,3.0,false,15.0,false,390
97.0,37.18,7027.35,149.518085,1.180377,0.841526,6.356033,0.0,7.6691,47.0,true,false,5.0,3.0,false,10.0,false,391
1.0,37.18,7027.35,149.518085,1.180377,0.841526,6.356033,0.0,7.6691,47.0,true,false,5.0,3.0,false,5.0,false,392
191.0,6.53,7015.43,241.911379,1.874252,1.071925,4.132891,0.0,6.0108,29.0,true,true,20.0,5.0,true,10.0,false,393
536.0,31.73,6954.45,144.884375,1.231053,0.414044,1.795714,0.0,14.541,48.0,false,false,15.0,3.0,true,15.0,true,394
262.0,4.04,6708.92,239.604286,1.372881,0.507793,2.844817,0.0,11.0172,28.0,false,true,10.0,4.0,true,15.0,false,395
58.0,6.99,6608.79,236.028214,2.242132,1.334799,5.560276,0.0,4.458,28.0,false,true,15.0,3.0,true,5.0,false,396
238.0,2.75,6544.0,233.714286,1.257434,0.479696,1.263584,0.0,11.861,28.0,false,true,20.0,5.0,false,15.0,false,397
142.0,2.75,6544.0,233.714286,1.257434,0.479696,1.263584,0.0,11.861,28.0,false,true,20.0,5.0,false,10.0,false,398
46.0,2.75,6544.0,233.714286,1.257434,0.479696,1.263584,0.0,11.861,28.0,false,true,20.0,5.0,false,5.0,false,399
559.0,4.24,6505.37,224.323103,1.339678,0.402651,1.962823,0.0,13.9616,29.0,true,true,20.0,4.0,true,15.0,true,400
85.0,58.52,6395.15,118.428704,1.346,0.740268,3.569354,0.0,7.8886,54.0,true,false,10.0,5.0,true,5.0,false,401
151.0,5.85,6376.4,219.875862,1.537439,0.950064,5.990423,0.0,6.0672,29.0,true,true,10.0,3.0,true,10.0,false,402
50.0,5.61,6255.63,223.415357,1.41351,1.018696,11.750137,0.0,5.7097,28.0,false,true,5.0,3.0,true,5.0,false,403
348.0,65.99,6242.7,124.854,1.587049,1.108113,4.167348,0.0,5.5456,50.0,false,false,20.0,3.0,true,5.0,true,404
540.0,32.67,6147.19,128.066458,1.23917,0.447196,1.78447,0.0,12.3097,48.0,false,false,20.0,3.0,true,15.0,true,405
532.0,31.09,6145.34,136.563111,1.157305,0.425254,2.284816,0.0,11.983,45.0,false,false,10.0,3.0,true,15.0,true,406
492.0,8.51,6095.63,132.513696,1.11604,0.211043,0.863505,0.0,24.3925,46.0,false,false,20.0,3.0,false,15.0,true,407
396.0,8.51,6095.63,132.513696,1.11604,0.211043,0.863505,0.0,24.3925,46.0,false,false,20.0,3.0,false,10.0,true,408
300.0,8.51,6095.63,132.513696,1.11604,0.211043,0.863505,0.0,24.3925,46.0,false,false,20.0,3.0,false,5.0,true,409
222.0,2.82,6049.31,216.046786,1.254507,0.545067,1.301248,0.0,9.8277,28.0,false,true,20.0,4.0,false,15.0,false,410
126.0,2.82,6049.31,216.046786,1.254507,0.545067,1.301248,0.0,9.8277,28.0,false,true,20.0,4.0,false,10.0,false,411
30.0,2.82,6049.31,216.046786,1.254507,0.545067,1.301248,0.0,9.8277,28.0,false,true,20.0,4.0,false,5.0,false,412
255.0,5.0,6017.72,207.507586,1.391053,0.673516,3.1694,0.0,7.8831,29.0,true,true,20.0,3.0,true,15.0,false,413
572.0,17.77,5699.23,113.9846,1.184946,0.259326,0.951788,0.0,19.6207,50.0,false,false,20.0,5.0,true,15.0,true,414
248.0,34.29,5654.21,117.796042,1.227648,0.449231,1.953204,0.0,11.1711,48.0,false,false,15.0,3.0,true,15.0,false,415
244.0,32.37,5595.14,124.336444,1.172354,0.473534,2.58565,0.0,10.0636,45.0,false,false,10.0,3.0,true,15.0,false,416
220.0,21.38,5528.33,117.624043,1.137017,0.338597,0.897136,0.0,14.419,47.0,false,false,20.0,4.0,false,15.0,false,417
124.0,21.38,5528.33,117.624043,1.137017,0.338597,0.897136,0.0,14.419,47.0,false,false,20.0,4.0,false,10.0,false,418
28.0,21.38,5528.33,117.624043,1.137017,0.338597,0.897136,0.0,14.419,47.0,false,false,20.0,4.0,false,5.0,false,419
187.0,5.73,5522.86,190.443448,1.580676,0.609406,2.829838,0.0,7.9213,29.0,true,true,15.0,5.0,true,10.0,false,420
499.0,4.46,5465.2,188.455172,1.170808,0.410119,3.303618,0.0,11.8888,29.0,true,true,5.0,4.0,false,15.0,true,421
403.0,4.46,5465.2,188.455172,1.170808,0.410119,3.303618,0.0,11.8888,29.0,true,true,5.0,4.0,false,10.0,true,422
307.0,4.46,5465.2,188.455172,1.170808,0.410119,3.303618,0.0,11.8888,29.0,true,true,5.0,4.0,false,5.0,true,423
463.0,5.78,5248.68,180.988966,1.591473,0.678361,2.845654,0.0,7.2202,29.0,true,true,20.0,4.0,true,10.0,true,424
209.0,36.49,5241.32,109.194167,1.118526,0.383064,2.892632,0.0,12.1173,48.0,true,false,5.0,4.0,false,15.0,false,425
113.0,36.49,5241.32,109.194167,1.118526,0.383064,2.892632,0.0,12.1173,48.0,true,false,5.0,4.0,false,10.0,false,426
17.0,36.49,5241.32,109.194167,1.118526,0.383064,2.892632,0.0,12.1173,48.0,true,false,5.0,4.0,false,5.0,false,427
64.0,41.87,5235.12,109.065,1.160525,0.548222,5.282783,0.0,8.3193,48.0,false,false,5.0,4.0,true,5.0,false,428
447.0,6.0,5146.22,177.455862,1.601644,0.656379,4.328767,0.0,7.2212,29.0,true,true,20.0,3.0,true,10.0,true,429
60.0,62.3,4966.47,99.3294,1.500191,0.957427,3.680129,0.0,5.1063,50.0,false,false,20.0,3.0,true,5.0,false,430
383.0,7.22,4867.6,167.848276,1.705235,0.827436,4.676186,0.0,5.6362,29.0,true,true,20.0,5.0,true,5.0,true,431
544.0,30.76,4799.0,104.326087,1.085204,0.23976,2.46058,0.0,16.0364,46.0,false,false,5.0,4.0,true,15.0,true,432
376.0,45.43,4746.79,93.074314,1.354007,0.390135,1.343438,0.0,10.8618,51.0,false,false,15.0,5.0,true,5.0,true,433
344.0,56.89,4740.54,94.8108,1.382704,0.627768,2.669634,0.0,6.832,50.0,false,false,15.0,3.0,true,5.0,true,434
357.0,52.07,4590.8,85.014815,1.219989,0.419419,2.064042,0.0,10.0655,54.0,true,false,10.0,4.0,true,5.0,true,435
204.0,21.72,4539.46,98.683913,1.123821,0.282667,1.066696,0.0,13.9899,46.0,false,false,20.0,3.0,false,15.0,false,436
108.0,21.72,4539.46,98.683913,1.123821,0.282667,1.066696,0.0,13.9899,46.0,false,false,20.0,3.0,false,10.0,false,437
12.0,21.72,4539.46,98.683913,1.123821,0.282667,1.066696,0.0,13.9899,46.0,false,false,20.0,3.0,false,5.0,false,438
275.0,4.49,4538.19,156.48931,1.176333,0.490788,2.850785,0.0,8.164,29.0,true,true,5.0,5.0,true,15.0,false,439
279.0,4.05,4493.3,154.941379,1.210824,0.28254,2.007743,0.0,13.2378,29.0,true,true,10.0,5.0,true,15.0,false,440
353.0,41.7,4477.64,89.5528,1.133289,0.365342,3.672761,0.0,10.9925,50.0,true,false,5.0,4.0,true,5.0,true,441
460.0,25.78,4474.59,89.4918,1.221433,0.28475,1.082228,0.0,14.2261,50.0,false,false,20.0,4.0,true,10.0,true,442
159.0,5.94,4418.33,152.356207,1.582191,0.678951,4.373504,0.0,6.0112,29.0,true,true,20.0,3.0,true,10.0,false,443
81.0,41.91,4382.77,85.936667,1.144084,0.377075,3.009398,0.0,10.3665,51.0,true,false,5.0,5.0,true,5.0,false,444
271.0,3.79,4371.22,150.731724,1.276717,0.364952,1.599676,0.0,10.5284,29.0,true,true,20.0,4.0,true,15.0,false,445
378.0,5.57,4287.27,153.116786,1.682222,0.451997,1.560648,0.0,8.3804,28.0,false,true,15.0,5.0,true,5.0,true,446
432.0,31.95,4153.13,92.291778,1.094737,0.274064,3.548692,0.0,13.0954,45.0,false,false,5.0,3.0,true,10.0,true,447
568.0,7.43,4134.84,84.38449,1.107096,0.136736,0.558207,0.0,25.208,49.0,false,false,15.0,5.0,true,15.0,true,448
555.0,3.07,4079.11,140.658966,1.172474,0.208448,1.389743,0.0,15.8789,29.0,true,true,15.0,4.0,true,15.0,true,449
175.0,5.42,4028.93,138.928621,1.511385,0.627458,2.575537,0.0,6.0117,29.0,true,true,20.0,4.0,true,10.0,false,450
252.0,28.03,3804.98,79.270417,1.173994,0.377016,1.372567,0.0,9.2712,48.0,false,false,20.0,3.0,true,15.0,false,451
475.0,3.93,3644.47,125.671379,1.306218,0.314677,1.615767,0.0,10.078,29.0,true,true,15.0,5.0,true,10.0,true,452
90.0,5.31,3642.59,130.0925,1.615552,0.401194,1.47212,0.0,8.0894,28.0,false,true,15.0,5.0,true,5.0,false,453
56.0,52.86,3398.44,67.9688,1.298169,0.48469,2.160638,0.0,6.3997,50.0,false,false,15.0,3.0,true,5.0,false,454
95.0,6.65,3382.21,116.627931,1.536655,0.671147,3.883212,0.0,4.8502,29.0,true,true,20.0,5.0,true,5.0,false,455
343.0,6.21,3259.16,112.384828,1.321926,0.452607,4.027424,0.0,6.837,29.0,true,true,10.0,3.0,true,5.0,true,456
243.0,4.51,3036.67,104.712759,1.12701,0.500613,4.022039,0.0,5.8079,29.0,true,true,5.0,3.0,true,15.0,false,457
195.0,4.51,3036.67,104.712759,1.12701,0.500613,4.022039,0.0,5.8079,29.0,true,true,5.0,3.0,false,15.0,false,458
99.0,4.51,3036.67,104.712759,1.12701,0.500613,4.022039,0.0,5.8079,29.0,true,true,5.0,3.0,false,10.0,false,459
3.0,4.51,3036.67,104.712759,1.12701,0.500613,4.022039,0.0,5.8079,29.0,true,true,5.0,3.0,false,5.0,false,460
280.0,19.84,3007.97,61.387143,1.112554,0.158932,0.644894,0.0,16.3093,49.0,false,false,15.0,5.0,true,15.0,false,461
284.0,22.96,2996.29,59.9258,1.129861,0.211115,0.700266,0.0,13.0727,50.0,false,false,20.0,5.0,true,15.0,false,462
212.0,14.51,2987.15,64.938043,1.066864,0.122295,0.773316,0.0,19.1706,46.0,false,false,10.0,4.0,false,15.0,false,463
116.0,14.51,2987.15,64.938043,1.066864,0.122295,0.773316,0.0,19.1706,46.0,false,false,10.0,4.0,false,10.0,false,464
20.0,14.51,2987.15,64.938043,1.066864,0.122295,0.773316,0.0,19.1706,46.0,false,false,10.0,4.0,false,5.0,false,465
336.0,40.65,2978.87,63.380213,1.083567,0.288148,3.178811,0.0,9.5435,47.0,false,false,5.0,3.0,true,5.0,true,466
172.0,24.63,2889.38,57.7876,1.172812,0.23669,0.851331,0.0,11.2174,50.0,false,false,20.0,4.0,true,10.0,false,467
171.0,4.56,2799.79,96.544483,1.301382,0.31706,2.290178,0.0,7.9226,29.0,true,true,15.0,4.0,true,10.0,false,468
435.0,4.36,2778.23,95.801034,1.122164,0.188614,3.140185,0.0,13.8998,29.0,true,true,5.0,3.0,true,10.0,true,469
183.0,3.94,2748.85,94.787931,1.223064,0.247103,1.788833,0.0,9.7911,29.0,true,true,10.0,5.0,true,10.0,false,470
571.0,1.61,2662.47,91.80931,1.10272,0.102325,0.630209,0.0,20.2902,29.0,true,true,15.0,5.0,true,15.0,true,471
367.0,5.94,2548.9,87.893103,1.373328,0.437934,2.765403,0.0,5.6352,29.0,true,true,20.0,4.0,true,5.0,true,472
180.0,19.04,2537.77,51.791224,1.08872,0.117048,0.823498,0.0,17.5557,49.0,false,false,10.0,5.0,true,10.0,false,473
55.0,6.1,2529.36,87.21931,1.275421,0.418773,3.423672,0.0,5.749,29.0,true,true,10.0,3.0,true,5.0,false,474
547.0,3.7,2475.07,85.347241,1.083633,0.216565,1.706483,0.0,10.1963,29.0,true,true,5.0,4.0,true,15.0,true,475
496.0,19.53,2467.12,53.633043,1.042061,0.110397,1.255313,0.0,17.9047,46.0,false,false,5.0,4.0,false,15.0,true,476
400.0,19.53,2467.12,53.633043,1.042061,0.110397,1.255313,0.0,17.9047,46.0,false,false,5.0,4.0,false,10.0,true,477
304.0,19.53,2467.12,53.633043,1.042061,0.110397,1.255313,0.0,17.9047,46.0,false,false,5.0,4.0,false,5.0,true,478
161.0,32.23,2420.49,48.4098,1.071659,0.249019,1.651494,0.0,9.0885,50.0,true,false,5.0,4.0,true,10.0,false,479
88.0,38.02,2389.64,46.855686,1.200388,0.215529,0.812577,0.0,10.01,51.0,false,false,15.0,5.0,true,5.0,false,480
256.0,26.08,2313.21,50.287174,1.0521,0.137557,1.576273,0.0,14.116,46.0,false,false,5.0,4.0,true,15.0,false,481
147.0,4.5,2292.05,79.036207,1.123864,0.218345,3.439184,0.0,9.964,29.0,true,true,5.0,3.0,true,10.0,false,482
196.0,18.53,2226.44,49.476444,1.056105,0.118623,0.922256,0.0,15.5122,45.0,false,false,10.0,3.0,false,15.0,false,483
100.0,18.53,2226.44,49.476444,1.056105,0.118623,0.922256,0.0,15.5122,45.0,false,false,10.0,3.0,false,10.0,false,484
4.0,18.53,2226.44,49.476444,1.056105,0.118623,0.922256,0.0,15.5122,45.0,false,false,10.0,3.0,false,5.0,false,485
337.0,41.9,2020.97,40.4194,1.064305,0.189165,2.375581,0.0,9.9885,50.0,true,false,5.0,3.0,true,5.0,true,486
518.0,0.85,1871.72,66.847143,1.045832,0.061959,0.332872,0.0,22.8716,28.0,false,true,10.0,5.0,false,15.0,true,487
422.0,0.85,1871.72,66.847143,1.045832,0.061959,0.332872,0.0,22.8716,28.0,false,true,10.0,5.0,false,10.0,true,488
326.0,0.85,1871.72,66.847143,1.045832,0.061959,0.332872,0.0,22.8716,28.0,false,true,10.0,5.0,false,5.0,true,489
79.0,5.16,1473.56,50.812414,1.236083,0.295298,1.889566,0.0,4.8489,29.0,true,true,20.0,4.0,true,5.0,false,490
69.0,38.39,1462.13,27.076481,1.081143,0.174096,0.854941,0.0,7.8909,54.0,true,false,10.0,4.0,true,5.0,false,491
251.0,2.65,1407.59,48.537586,1.083506,0.112395,0.727205,0.0,11.0086,29.0,true,true,15.0,3.0,true,15.0,false,492
211.0,2.89,1316.43,45.394138,1.049211,0.137184,1.037448,0.0,8.8412,29.0,true,true,5.0,4.0,false,15.0,false,493
115.0,2.89,1316.43,45.394138,1.049211,0.137184,1.037448,0.0,8.8412,29.0,true,true,5.0,4.0,false,10.0,false,494
19.0,2.89,1316.43,45.394138,1.049211,0.137184,1.037448,0.0,8.8412,29.0,true,true,5.0,4.0,false,5.0,false,495
208.0,19.46,1278.26,27.788261,1.028134,0.071606,0.871717,0.0,14.9848,46.0,false,false,5.0,4.0,false,15.0,false,496
112.0,19.46,1278.26,27.788261,1.028134,0.071606,0.871717,0.0,14.9848,46.0,false,false,5.0,4.0,false,10.0,false,497
16.0,19.46,1278.26,27.788261,1.028134,0.071606,0.871717,0.0,14.9848,46.0,false,false,5.0,4.0,false,5.0,false,498
459.0,2.65,907.22,31.283448,1.078158,0.080483,0.617065,0.0,10.0752,29.0,true,true,15.0,4.0,true,10.0,true,499
164.0,17.08,843.17,17.207551,1.029681,0.039544,0.319659,0.0,17.555,49.0,false,false,10.0,4.0,true,10.0,false,500
84.0,28.55,705.81,14.1162,1.037107,0.048658,0.337749,0.0,12.6679,50.0,false,false,10.0,5.0,true,5.0,false,501
382.0,3.41,658.08,23.502857,1.129485,0.102684,0.312908,0.0,6.019,28.0,false,true,20.0,5.0,true,5.0,true,502
567.0,1.6,621.14,21.418621,1.021132,0.025621,0.209237,0.0,19.5176,29.0,true,true,10.0,5.0,true,15.0,true,503
372.0,26.35,612.43,12.2486,1.025779,0.032581,0.241707,0.0,15.9252,50.0,false,false,10.0,5.0,true,5.0,true,504
467.0,2.14,432.89,14.927241,1.016685,0.023652,0.20256,0.0,16.2547,29.0,true,true,5.0,5.0,true,10.0,true,505
144.0,17.78,290.01,6.444667,1.007826,0.02035,0.308236,0.0,12.6275,45.0,false,false,5.0,3.0,true,10.0,false,506
351.0,3.56,173.53,5.983793,1.025697,0.030126,0.202502,0.0,5.6367,29.0,true,true,20.0,3.0,true,5.0,true,507
257.0,20.39,154.98,3.22875,1.003866,0.013855,0.098352,0.0,10.3076,48.0,true,false,5.0,4.0,true,15.0,false,508
380.0,32.6,130.72,2.513846,1.010564,0.013798,0.04154,0.0,8.9811,52.0,false,false,20.0,5.0,true,5.0,true,509
471.0,2.36,93.85,3.236207,1.005833,0.006251,0.046512,0.0,13.0991,29.0,true,true,10.0,5.0,true,10.0,true,510
94.0,3.31,-49.31,-1.761071,0.989725,-0.007904,-0.026239,0.0,5.9044,28.0,false,true,20.0,5.0,true,5.0,false,511
179.0,2.41,-57.3,-1.975862,0.997084,-0.004561,-0.040363,0.0,11.2913,29.0,true,true,5.0,5.0,true,10.0,false,512
528.0,16.42,-99.93,-2.220667,0.997942,-0.005966,-0.076757,0.0,14.8563,45.0,false,false,5.0,3.0,true,15.0,true,513
480.0,16.42,-99.93,-2.220667,0.997942,-0.005966,-0.076757,0.0,14.8563,45.0,false,false,5.0,3.0,false,15.0,true,514
384.0,16.42,-99.93,-2.220667,0.997942,-0.005966,-0.076757,0.0,14.8563,45.0,false,false,5.0,3.0,false,10.0,true,515
288.0,16.42,-99.93,-2.220667,0.997942,-0.005966,-0.076757,0.0,14.8563,45.0,false,false,5.0,3.0,false,5.0,true,516
155.0,2.49,-122.16,-4.212414,0.986505,-0.014238,-0.107968,0.0,7.9228,29.0,true,true,15.0,3.0,true,10.0,false,517
167.0,2.43,-172.62,-5.952414,0.98564,-0.015975,-0.116982,0.0,9.7894,29.0,true,true,10.0,4.0,true,10.0,false,518
263.0,2.33,-392.29,-13.527241,0.980895,-0.025876,-0.199041,0.0,13.2384,29.0,true,true,10.0,4.0,true,15.0,false,519
48.0,24.5,-478.21,-10.174681,0.984476,-0.050522,-0.626712,0.0,8.82,47.0,false,false,5.0,3.0,true,5.0,false,520
63.0,3.48,-484.09,-16.692759,0.921682,-0.097965,-0.666208,0.0,4.8486,29.0,true,true,20.0,3.0,true,5.0,false,521
366.0,3.28,-503.5,-17.982143,0.900415,-0.0795,-0.241537,0.0,6.0176,28.0,false,true,20.0,4.0,true,5.0,true,522
259.0,2.41,-630.19,-21.73069,0.97469,-0.065196,-0.567691,0.0,8.9057,29.0,true,true,5.0,4.0,true,15.0,false,523
484.0,10.55,-706.22,-15.693778,0.986328,-0.028302,-0.215055,0.0,20.0837,45.0,false,false,10.0,3.0,false,15.0,true,524
388.0,10.55,-706.22,-15.693778,0.986328,-0.028302,-0.215055,0.0,20.0837,45.0,false,false,10.0,3.0,false,10.0,true,525
292.0,10.55,-706.22,-15.693778,0.986328,-0.028302,-0.215055,0.0,20.0837,45.0,false,false,10.0,3.0,false,5.0,true,526
556.0,13.5,-978.02,-19.5604,0.967283,-0.046066,-0.174764,0.0,19.6236,50.0,false,false,20.0,4.0,true,15.0,true,527
78.0,3.27,-1010.74,-36.097857,0.788438,-0.163633,-0.541995,0.0,5.9031,28.0,false,true,20.0,4.0,true,5.0,false,528
65.0,22.98,-1285.66,-25.20902,0.956379,-0.098922,-1.330471,0.0,11.9316,51.0,true,false,5.0,4.0,true,5.0,false,529
548.0,6.01,-1504.54,-30.704898,0.96836,-0.049789,-0.322865,0.0,24.8552,49.0,false,false,10.0,4.0,true,15.0,true,530
92.0,32.1,-1632.18,-31.388077,0.85193,-0.20491,-0.633302,0.0,7.6829,52.0,false,false,20.0,5.0,true,5.0,false,531
268.0,20.42,-1705.66,-34.1132,0.924354,-0.123612,-0.422939,0.0,13.0723,50.0,false,false,20.0,4.0,true,15.0,false,532
260.0,17.34,-1972.98,-40.264898,0.943795,-0.101576,-0.612437,0.0,16.6476,49.0,false,false,10.0,4.0,true,15.0,false,533
443.0,2.42,-2047.99,-70.620345,0.818672,-0.187182,-1.48733,0.0,10.0744,29.0,true,true,15.0,3.0,true,10.0,true,534
371.0,2.09,-2131.42,-73.497241,0.903603,-0.12344,-1.31865,0.0,15.9977,29.0,true,true,5.0,5.0,true,5.0,true,535
49.0,24.46,-2341.67,-45.032115,0.918673,-0.219954,-3.149938,0.0,10.0948,52.0,true,false,5.0,3.0,true,5.0,false,536
364.0,31.95,-2353.54,-45.260385,0.807921,-0.250162,-0.766359,0.0,9.0288,52.0,false,false,20.0,4.0,true,5.0,true,537
539.0,2.09,-2443.58,-84.261379,0.890738,-0.133234,-1.004019,0.0,15.8774,29.0,true,true,15.0,3.0,true,15.0,true,538
83.0,2.36,-2615.06,-90.174483,0.844251,-0.219306,-2.417025,0.0,11.1329,29.0,true,true,5.0,5.0,true,5.0,false,539
68.0,27.42,-2896.54,-57.9308,0.843916,-0.207072,-1.599383,0.0,12.6691,50.0,false,false,10.0,4.0,true,5.0,false,540
455.0,2.29,-2936.67,-101.264483,0.812459,-0.201729,-1.507423,0.0,13.0975,29.0,true,true,10.0,4.0,true,10.0,true,541
91.0,2.92,-2945.2,-101.558621,0.616748,-0.422425,-3.242921,0.0,6.7131,29.0,true,true,15.0,5.0,true,5.0,false,542
163.0,2.35,-3159.5,-108.948276,0.835575,-0.26162,-3.217708,0.0,11.1375,29.0,true,true,5.0,4.0,true,10.0,false,543
76.0,31.95,-3488.67,-67.089808,0.681063,-0.442439,-1.381434,0.0,7.6799,52.0,false,false,20.0,4.0,true,5.0,false,544
356.0,25.42,-3728.8,-74.576,0.838096,-0.207311,-1.698276,0.0,15.9256,50.0,false,false,10.0,4.0,true,5.0,true,545
451.0,2.07,-3791.27,-130.733448,0.849941,-0.215923,-2.551709,0.0,16.0502,29.0,true,true,5.0,4.0,true,10.0,true,546
75.0,2.92,-3871.8,-133.510345,0.492181,-0.560657,-4.468549,0.0,6.7133,29.0,true,true,15.0,4.0,true,5.0,false,547
240.0,16.59,-3982.33,-88.496222,0.901531,-0.264818,-3.907818,0.0,13.7402,45.0,false,false,5.0,3.0,true,15.0,false,548
192.0,16.59,-3982.33,-88.496222,0.901531,-0.264818,-3.907818,0.0,13.7402,45.0,false,false,5.0,3.0,false,15.0,false,549
96.0,16.59,-3982.33,-88.496222,0.901531,-0.264818,-3.907818,0.0,13.7402,45.0,false,false,5.0,3.0,false,10.0,false,550
0.0,16.59,-3982.33,-88.496222,0.901531,-0.264818,-3.907818,0.0,13.7402,45.0,false,false,5.0,3.0,false,5.0,false,551
379.0,2.91,-4018.16,-138.557241,0.564471,-0.466892,-3.690049,0.0,8.2498,29.0,true,true,15.0,5.0,true,5.0,true,552
51.0,2.4,-4468.88,-154.09931,0.722229,-0.396071,-5.0,0.0,10.9163,29.0,true,true,5.0,3.0,true,5.0,false,553
468.0,4.43,-4644.1,-94.777551,0.889537,-0.131125,-1.132337,0.0,27.5258,49.0,false,false,10.0,5.0,true,10.0,true,554
87.0,2.56,-4708.48,-162.361379,0.49593,-0.535953,-4.301179,0.0,8.4613,29.0,true,true,10.0,5.0,true,5.0,false,555
551.0,1.51,-4727.17,-163.005862,0.831762,-0.205952,-1.787122,0.0,19.5165,29.0,true,true,10.0,4.0,true,15.0,true,556
67.0,2.36,-4727.26,-163.008966,0.714352,-0.410949,-5.0,0.0,10.9161,29.0,true,true,5.0,4.0,true,5.0,false,557
59.0,2.92,-4791.1,-165.210345,0.366529,-0.681148,-5.0,0.0,6.8907,29.0,true,true,15.0,3.0,true,5.0,false,558
363.0,2.91,-5019.99,-173.103103,0.450963,-0.589437,-4.812002,0.0,8.25,29.0,true,true,15.0,4.0,true,5.0,true,559
355.0,2.11,-5135.63,-177.09069,0.763962,-0.307404,-5.0,0.0,15.7524,29.0,true,true,5.0,4.0,true,5.0,true,560
276.0,12.03,-5218.72,-106.50449,0.853904,-0.219283,-1.304977,0.0,20.0699,49.0,false,false,10.0,5.0,true,15.0,false,561
339.0,2.14,-5600.04,-193.104828,0.73338,-0.342425,-5.0,0.0,15.752,29.0,true,true,5.0,3.0,true,5.0,true,562
71.0,2.55,-5619.05,-193.760345,0.393617,-0.625637,-5.0,0.0,8.7098,29.0,true,true,10.0,4.0,true,5.0,false,563
500.0,3.67,-5747.12,-124.937391,0.912505,-0.149075,-1.030457,0.0,29.029,46.0,false,false,10.0,4.0,false,15.0,true,564
404.0,3.67,-5747.12,-124.937391,0.912505,-0.149075,-1.030457,0.0,29.029,46.0,false,false,10.0,4.0,false,10.0,true,565
308.0,3.67,-5747.12,-124.937391,0.912505,-0.149075,-1.030457,0.0,29.029,46.0,false,false,10.0,4.0,false,5.0,true,566
347.0,2.91,-6015.3,-207.424138,0.336155,-0.713777,-5.0,0.0,8.2501,29.0,true,true,15.0,3.0,true,5.0,true,567
375.0,2.52,-6751.01,-232.793448,0.430249,-0.588806,-4.745109,0.0,10.9945,29.0,true,true,10.0,5.0,true,5.0,true,568
452.0,4.35,-7118.66,-145.278776,0.827746,-0.206355,-1.981686,0.0,27.5251,49.0,false,false,10.0,4.0,true,10.0,true,569
228.0,6.17,-7122.0,-148.375,0.851569,-0.241731,-1.490071,0.0,24.0824,48.0,false,false,10.0,5.0,false,15.0,false,570
132.0,6.17,-7122.0,-148.375,0.851569,-0.241731,-1.490071,0.0,24.0824,48.0,false,false,10.0,5.0,false,10.0,false,571
36.0,6.17,-7122.0,-148.375,0.851569,-0.241731,-1.490071,0.0,24.0824,48.0,false,false,10.0,5.0,false,5.0,false,572
359.0,2.52,-7725.4,-266.393103,0.341928,-0.680983,-5.0,0.0,10.9934,29.0,true,true,10.0,4.0,true,5.0,true,573
564.0,3.52,-18486.09,-377.267143,0.679967,-0.42304,-2.881895,0.0,34.8994,49.0,false,false,10.0,5.0,true,15.0,true,574
516.0,3.34,-48453.75,-1009.453125,0.517524,-0.614249,-5.0,0.0,60.4795,48.0,false,false,10.0,5.0,false,15.0,true,575
420.0,3.34,-48453.75,-1009.453125,0.517524,-0.614249,-5.0,0.0,60.4795,48.0,false,false,10.0,5.0,false,10.0,true,576
324.0,3.34,-48453.75,-1009.453125,0.517524,-0.614249,-5.0,0.0,60.4795,48.0,false,false,10.0,5.0,false,5.0,true,577
